Domain,"Name Servers",Status,"1 Day Unique Visitors","7 Days Unique Visitors","30 Days Unique Visitors","SSL Status","DNS Status","Redirect URL"
ionaberdeen.com,"elias.ns.cloudflare.com, ligia.ns.cloudflare.com",active,,,,Enabled,Active,None
ionacworth.com,"elias.ns.cloudflare.com, ligia.ns.cloudflare.com",active,,,,Enabled,Active,None
ionalabama.com,"adi.ns.cloudflare.com, andy.ns.cloudflare.com",active,,,,Enabled,Active,None
ionalaska.com,"adi.ns.cloudflare.com, andy.ns.cloudflare.com",active,,,,Enabled,Active,None
ionalbany.com,"elias.ns.cloudflare.com, ligia.ns.cloudflare.com",active,,,,Enabled,Active,None
ionalbuquerque.com,"adi.ns.cloudflare.com, andy.ns.cloudflare.com",active,,,,Enabled,Active,None
ionalexandria.com,"elias.ns.cloudflare.com, ligia.ns.cloudflare.com",active,,,,Enabled,Active,None
ionallentown.com,"elias.ns.cloudflare.com, ligia.ns.cloudflare.com",active,,,,Enabled,Active,None
ionalpharetta.com,"elias.ns.cloudflare.com, ligia.ns.cloudflare.com",active,,,,Enabled,Active,None
ionamarillo.com,"elias.ns.cloudflare.com, ligia.ns.cloudflare.com",active,,,,Enabled,Active,None
ionamberley.com,"elias.ns.cloudflare.com, ligia.ns.cloudflare.com",active,,,,Enabled,Active,None
ionanaheim.com,"adi.ns.cloudflare.com, andy.ns.cloudflare.com",active,,,,Enabled,Active,None
ionankeny.com,"elias.ns.cloudflare.com, ligia.ns.cloudflare.com",active,,,,Enabled,Active,None
ionannarbor.com,"elias.ns.cloudflare.com, ligia.ns.cloudflare.com",active,,,,Enabled,Active,None
ionappleton.com,"elias.ns.cloudflare.com, ligia.ns.cloudflare.com",active,,,,Enabled,Active,None
ionarkansas.com,"adi.ns.cloudflare.com, andy.ns.cloudflare.com",active,,,,Enabled,Active,None
ionathens.com,"elias.ns.cloudflare.com, ligia.ns.cloudflare.com",active,,,,Enabled,Active,None
ionatlanta.com,"adi.ns.cloudflare.com, andy.ns.cloudflare.com",active,,,,Enabled,Active,None
ionatlanticcity.com,"elias.ns.cloudflare.com, ligia.ns.cloudflare.com",active,,,,Enabled,Active,None
ionauburn.com,"elias.ns.cloudflare.com, ligia.ns.cloudflare.com",active,,,,Enabled,Active,None
ionaugusta.com,"elias.ns.cloudflare.com, ligia.ns.cloudflare.com",active,,,,Enabled,Active,None
ionaurora.com,"elias.ns.cloudflare.com, ligia.ns.cloudflare.com",active,,,,Enabled,Active,None
ionavondale.com,"elias.ns.cloudflare.com, ligia.ns.cloudflare.com",active,,,,Enabled,Active,None
ionavondaleestates.com,"elias.ns.cloudflare.com, ligia.ns.cloudflare.com",active,,,,Enabled,Active,None
ionbadger.com,"elias.ns.cloudflare.com, ligia.ns.cloudflare.com",active,,,,Enabled,Active,None
ionbaldwin.com,"elias.ns.cloudflare.com, ligia.ns.cloudflare.com",active,,,,Enabled,Active,None
ionbaltimore.com,"elias.ns.cloudflare.com, ligia.ns.cloudflare.com",active,,,,Enabled,Active,None
ionbarnstable.com,"elias.ns.cloudflare.com, ligia.ns.cloudflare.com",active,,,,Enabled,Active,None
ionbasehor.com,"elias.ns.cloudflare.com, ligia.ns.cloudflare.com",active,,,,Enabled,Active,None
ionbeaverton.com,"elias.ns.cloudflare.com, ligia.ns.cloudflare.com",active,,,,Enabled,Active,None
ionbeckley.com,"elias.ns.cloudflare.com, ligia.ns.cloudflare.com",active,,,,Enabled,Active,None
ionbelgrade.com,"elias.ns.cloudflare.com, ligia.ns.cloudflare.com",active,,,,Enabled,Active,None
ionbellevue.com,"elias.ns.cloudflare.com, ligia.ns.cloudflare.com",active,,,,Enabled,Active,None
ionbelton.com,"elias.ns.cloudflare.com, ligia.ns.cloudflare.com",active,,,,Enabled,"No Records",None
ionberkeley.com,"elias.ns.cloudflare.com, ligia.ns.cloudflare.com",active,,,,Enabled,Active,None
ionbigbear.com,"elias.ns.cloudflare.com, ligia.ns.cloudflare.com",active,,,,Enabled,Active,None
ionbinghamton.com,"elias.ns.cloudflare.com, ligia.ns.cloudflare.com",active,,,,Enabled,Active,None
ionbirmingham.com,"adi.ns.cloudflare.com, andy.ns.cloudflare.com",pending,,,,Enabled,Active,None
ionblacksburg.com,"elias.ns.cloudflare.com, ligia.ns.cloudflare.com",active,,,,Enabled,Active,None
ionbloomington.com,"elias.ns.cloudflare.com, ligia.ns.cloudflare.com",active,,,,Enabled,Active,None
ionblueash.com,"elias.ns.cloudflare.com, ligia.ns.cloudflare.com",active,,,,Enabled,"No Records",None
ionbluesprings.com,"adi.ns.cloudflare.com, andy.ns.cloudflare.com",active,,,,Enabled,"No Records",None
ionbocaraton.com,"elias.ns.cloudflare.com, ligia.ns.cloudflare.com",active,,,,Enabled,Active,None
ionboise.org,"adi.ns.cloudflare.com, andy.ns.cloudflare.com",active,,,,Enabled,Active,None
ionbonnersprings.com,"elias.ns.cloudflare.com, ligia.ns.cloudflare.com",active,,,,Enabled,Active,None
ionbosnia.com,"elias.ns.cloudflare.com, ligia.ns.cloudflare.com",active,,,,Enabled,Active,None
ionboston.com,"adi.ns.cloudflare.com, andy.ns.cloudflare.com",active,,,,Enabled,Active,None
ionboulder.com,"adi.ns.cloudflare.com, andy.ns.cloudflare.com",active,,,,Enabled,Active,None
ionbowlinggreen.com,"elias.ns.cloudflare.com, ligia.ns.cloudflare.com",active,,,,Enabled,Active,None
ionboyntonbeach.com,"elias.ns.cloudflare.com, ligia.ns.cloudflare.com",active,,,,Enabled,Active,None
ionbrampton.com,"elias.ns.cloudflare.com, ligia.ns.cloudflare.com",active,,,,Enabled,Active,None
ionbremerton.com,"elias.ns.cloudflare.com, ligia.ns.cloudflare.com",active,,,,Enabled,Active,None
ionbridgeport.com,"elias.ns.cloudflare.com, ligia.ns.cloudflare.com",active,,,,Enabled,Active,None
ionbristol.com,"elias.ns.cloudflare.com, ligia.ns.cloudflare.com",active,,,,Enabled,Active,None
ionbritishcolumbia.com,"elias.ns.cloudflare.com, ligia.ns.cloudflare.com",active,,,,Enabled,Active,None
ionbronx.com,"adi.ns.cloudflare.com, andy.ns.cloudflare.com",active,,,,Enabled,Active,None
ionbrookhaven.com,"elias.ns.cloudflare.com, ligia.ns.cloudflare.com",active,,,,Enabled,Active,None
ionbrooklyn.com,"elias.ns.cloudflare.com, ligia.ns.cloudflare.com",active,,,,Enabled,Active,None
ionbrooklynpark.com,"elias.ns.cloudflare.com, ligia.ns.cloudflare.com",active,,,,Enabled,Active,None
ionbrooksville.com,"elias.ns.cloudflare.com, ligia.ns.cloudflare.com",active,,,,Enabled,Active,None
ionbrownsville.com,"elias.ns.cloudflare.com, ligia.ns.cloudflare.com",active,,,,Enabled,Active,None
ionbrunswick.com,"elias.ns.cloudflare.com, ligia.ns.cloudflare.com",active,,,,Enabled,Active,None
ionbuchanan.com,"elias.ns.cloudflare.com, ligia.ns.cloudflare.com",pending,,,,Enabled,Active,None
ionbuford.com,"elias.ns.cloudflare.com, ligia.ns.cloudflare.com",active,,,,Enabled,Active,None
ionburnaby.com,"elias.ns.cloudflare.com, ligia.ns.cloudflare.com",active,,,,Enabled,Active,None
ionbyron.com,"elias.ns.cloudflare.com, ligia.ns.cloudflare.com",active,,,,Enabled,Active,None
ioncaldwell.com,"elias.ns.cloudflare.com, ligia.ns.cloudflare.com",active,,,,Enabled,"No Records",None
ioncalhoun.com,"elias.ns.cloudflare.com, ligia.ns.cloudflare.com",active,,,,Enabled,Active,None
ioncalifornia.com,"adi.ns.cloudflare.com, andy.ns.cloudflare.com",active,,,,Enabled,Active,None
ioncamden.com,"elias.ns.cloudflare.com, ligia.ns.cloudflare.com",active,,,,Enabled,Active,None
ioncanton.com,"elias.ns.cloudflare.com, ligia.ns.cloudflare.com",active,,,,Enabled,Active,None
ioncarlsbad.com,"adi.ns.cloudflare.com, andy.ns.cloudflare.com",active,,,,Enabled,Active,None
ioncarmel.com,"elias.ns.cloudflare.com, ligia.ns.cloudflare.com",active,,,,Enabled,Active,None
ioncarolina.com,"elias.ns.cloudflare.com, ligia.ns.cloudflare.com",active,,,,Enabled,Active,None
ioncarrollton.com,"elias.ns.cloudflare.com, ligia.ns.cloudflare.com",active,,,,Enabled,Active,None
ioncarsoncity.com,"elias.ns.cloudflare.com, ligia.ns.cloudflare.com",active,,,,Enabled,Active,None
ioncartersville.com,"elias.ns.cloudflare.com, ligia.ns.cloudflare.com",active,,,,Enabled,Active,None
ioncatonsville.com,"elias.ns.cloudflare.com, ligia.ns.cloudflare.com",active,,,,Enabled,Active,None
ionchamblee.com,"elias.ns.cloudflare.com, ligia.ns.cloudflare.com",active,,,,Enabled,Active,None
ionchampaign.com,"elias.ns.cloudflare.com, ligia.ns.cloudflare.com",active,,,,Enabled,Active,None
ionchandler.com,"adi.ns.cloudflare.com, andy.ns.cloudflare.com",active,,,,Enabled,Active,None
ionchapelhill.com,"elias.ns.cloudflare.com, ligia.ns.cloudflare.com",active,,,,Enabled,Active,None
ioncharleston.com,"adi.ns.cloudflare.com, andy.ns.cloudflare.com",active,,,,Enabled,Active,None
ioncharlotte.com,"adi.ns.cloudflare.com, andy.ns.cloudflare.com",active,,,,Enabled,Active,None
ioncharlottesville.com,"elias.ns.cloudflare.com, ligia.ns.cloudflare.com",active,,,,Enabled,Active,None
ionchattanooga.com,"elias.ns.cloudflare.com, ligia.ns.cloudflare.com",active,,,,Enabled,Active,None
ionchesapeake.com,"elias.ns.cloudflare.com, ligia.ns.cloudflare.com",active,,,,Enabled,Active,None
ioncheshire.com,"elias.ns.cloudflare.com, ligia.ns.cloudflare.com",active,,,,Enabled,Active,None
ionchestnuthill.com,"elias.ns.cloudflare.com, ligia.ns.cloudflare.com",active,,,,Enabled,Active,None
ioncheyenne.com,"elias.ns.cloudflare.com, ligia.ns.cloudflare.com",active,,,,Enabled,Active,None
ionchicago.org,"elias.ns.cloudflare.com, ligia.ns.cloudflare.com",active,,,,Enabled,Active,None
ioncincinnati.com,"adi.ns.cloudflare.com, andy.ns.cloudflare.com",active,,,,Enabled,Active,None
ionclaremont.com,"elias.ns.cloudflare.com, ligia.ns.cloudflare.com",active,,,,Enabled,Active,None
ionclarksville.com,"elias.ns.cloudflare.com, ligia.ns.cloudflare.com",active,,,,Enabled,Active,None
ionclaxton.com,"elias.ns.cloudflare.com, ligia.ns.cloudflare.com",active,,,,Enabled,Active,None
ionclaycomo.com,"elias.ns.cloudflare.com, ligia.ns.cloudflare.com",active,,,,Enabled,Active,None
ionclearwater.com,"adi.ns.cloudflare.com, andy.ns.cloudflare.com",active,,,,Enabled,Active,None
ioncleveland.com,"adi.ns.cloudflare.com, andy.ns.cloudflare.com",active,,,,Enabled,Active,None
ionclifton.com,"elias.ns.cloudflare.com, ligia.ns.cloudflare.com",active,,,,Enabled,Active,None
ioncockeysville.com,"elias.ns.cloudflare.com, ligia.ns.cloudflare.com",active,,,,Enabled,Active,None
ioncoldsprings.com,"elias.ns.cloudflare.com, ligia.ns.cloudflare.com",active,,,,Enabled,Active,None
ioncollegepark.com,"elias.ns.cloudflare.com, ligia.ns.cloudflare.com",pending,,,,Enabled,Active,None
ioncolorado.com,"adi.ns.cloudflare.com, andy.ns.cloudflare.com",active,,,,Enabled,Active,None
ioncoloradosprings.com,"elias.ns.cloudflare.com, ligia.ns.cloudflare.com",active,,,,Enabled,Active,None
ioncolumbia.com,"elias.ns.cloudflare.com, ligia.ns.cloudflare.com",active,,,,Enabled,Active,None
ioncolumbus.com,"adi.ns.cloudflare.com, andy.ns.cloudflare.com",active,,,,Enabled,Active,None
ionconnecticut.com,"adi.ns.cloudflare.com, andy.ns.cloudflare.com",active,,,,Enabled,Active,None
ionconyers.com,"elias.ns.cloudflare.com, ligia.ns.cloudflare.com",active,,,,Enabled,Active,None
ioncorryville.com,"elias.ns.cloudflare.com, ligia.ns.cloudflare.com",active,,,,Enabled,Active,None
ioncorvalis.com,"elias.ns.cloudflare.com, ligia.ns.cloudflare.com",active,,,,Enabled,Active,None
ioncostamesa.com,"elias.ns.cloudflare.com, ligia.ns.cloudflare.com",active,,,,Enabled,Active,None
ioncovington.com,"elias.ns.cloudflare.com, ligia.ns.cloudflare.com",active,,,,Enabled,Active,None
ioncranston.com,"elias.ns.cloudflare.com, ligia.ns.cloudflare.com",active,,,,Enabled,Active,None
ioncumming.com,"elias.ns.cloudflare.com, ligia.ns.cloudflare.com",active,,,,Enabled,Active,None
iondahlonega.com,"elias.ns.cloudflare.com, ligia.ns.cloudflare.com",active,,,,Enabled,Active,None
iondallas.org,"elias.ns.cloudflare.com, ligia.ns.cloudflare.com",active,,,,Enabled,Active,None
iondarien.com,"elias.ns.cloudflare.com, ligia.ns.cloudflare.com",active,,,,Enabled,Active,None
iondavis.com,"elias.ns.cloudflare.com, ligia.ns.cloudflare.com",active,,,,Enabled,Active,None
iondawsonville.com,"elias.ns.cloudflare.com, ligia.ns.cloudflare.com",active,,,,Enabled,Active,None
iondayton.com,"elias.ns.cloudflare.com, ligia.ns.cloudflare.com",active,,,,Enabled,Active,None
iondecathlon.com,"elias.ns.cloudflare.com, ligia.ns.cloudflare.com",active,,,,Enabled,Active,None
iondecatur.com,"elias.ns.cloudflare.com, ligia.ns.cloudflare.com",active,,,,Enabled,Active,None
iondeerpark.com,"elias.ns.cloudflare.com, ligia.ns.cloudflare.com",active,,,,Enabled,Active,None
iondelaware.com,"adi.ns.cloudflare.com, andy.ns.cloudflare.com",active,,,,Enabled,Active,None
iondelmar.com,"elias.ns.cloudflare.com, ligia.ns.cloudflare.com",active,,,,Enabled,Active,None
iondelraybeach.com,"elias.ns.cloudflare.com, ligia.ns.cloudflare.com",active,,,,Enabled,Active,None
iondenton.com,"elias.ns.cloudflare.com, ligia.ns.cloudflare.com",active,,,,Enabled,Active,None
iondenver.com,"adi.ns.cloudflare.com, andy.ns.cloudflare.com",active,,,,Enabled,Active,None
iondesoto.com,"elias.ns.cloudflare.com, ligia.ns.cloudflare.com",active,,,,Enabled,Active,None
iondetroit.com,"adi.ns.cloudflare.com, andy.ns.cloudflare.com",active,,,,Enabled,Active,None
iondianapolis.com,"elias.ns.cloudflare.com, ligia.ns.cloudflare.com",active,,,,Enabled,Active,None
iondickinson.com,"elias.ns.cloudflare.com, ligia.ns.cloudflare.com",active,,,,Enabled,Active,None
iondollarpoint.com,"elias.ns.cloudflare.com, ligia.ns.cloudflare.com",active,,,,Enabled,Active,None
iondoraville.com,"elias.ns.cloudflare.com, ligia.ns.cloudflare.com",active,,,,Enabled,Active,None
iondothan.com,"elias.ns.cloudflare.com, ligia.ns.cloudflare.com",active,,,,Enabled,Active,None
iondouglasville.com,"elias.ns.cloudflare.com, ligia.ns.cloudflare.com",active,,,,Enabled,Active,None
iondover.com,"adi.ns.cloudflare.com, andy.ns.cloudflare.com",active,,,,Enabled,Active,None
iondraper.com,"adi.ns.cloudflare.com, andy.ns.cloudflare.com",pending,,,,Enabled,Active,None
iondubuque.com,"elias.ns.cloudflare.com, ligia.ns.cloudflare.com",active,,,,Enabled,Active,None
ionduluth.com,"elias.ns.cloudflare.com, ligia.ns.cloudflare.com",active,,,,Enabled,Active,None
iondundalk.com,"elias.ns.cloudflare.com, ligia.ns.cloudflare.com",active,,,,Enabled,Active,None
iondunwoody.com,"elias.ns.cloudflare.com, ligia.ns.cloudflare.com",active,,,,Enabled,Active,None
ioneasthonolulu.com,"elias.ns.cloudflare.com, ligia.ns.cloudflare.com",active,,,,Enabled,Active,None
ioneastlansing.com,"elias.ns.cloudflare.com, ligia.ns.cloudflare.com",active,,,,Enabled,Active,None
ioneastprovidence.com,"elias.ns.cloudflare.com, ligia.ns.cloudflare.com",active,,,,Enabled,Active,None
ioneastvalley.com,"elias.ns.cloudflare.com, ligia.ns.cloudflare.com",active,,,,Enabled,Active,None
ionedmond.com,"elias.ns.cloudflare.com, ligia.ns.cloudflare.com",active,,,,Enabled,Active,None
ionedmonton.com,"elias.ns.cloudflare.com, ligia.ns.cloudflare.com",active,,,,Enabled,Active,None
ionedwardsville.com,"elias.ns.cloudflare.com, ligia.ns.cloudflare.com",active,,,,Enabled,Active,None
ionelcajon.com,"elias.ns.cloudflare.com, ligia.ns.cloudflare.com",active,,,,Enabled,Active,None
ionelgin.com,"elias.ns.cloudflare.com, ligia.ns.cloudflare.com",active,,,,Enabled,Active,None
ionelizabeth.com,"elias.ns.cloudflare.com, ligia.ns.cloudflare.com",active,,,,Enabled,Active,None
ionelkhart.com,"elias.ns.cloudflare.com, ligia.ns.cloudflare.com",active,,,,Enabled,Active,None
ionellicottcity.com,"elias.ns.cloudflare.com, ligia.ns.cloudflare.com",active,,,,Enabled,Active,None
ionelpaso.com,"elias.ns.cloudflare.com, ligia.ns.cloudflare.com",active,,,,Enabled,Active,None
ionelsegundo.com,"adi.ns.cloudflare.com, andy.ns.cloudflare.com",active,,,,Enabled,Active,None
ionencinitas.com,"elias.ns.cloudflare.com, ligia.ns.cloudflare.com",active,,,,Enabled,Active,None
ionenid.com,"elias.ns.cloudflare.com, ligia.ns.cloudflare.com",active,,,,Enabled,Active,None
ionerie.com,"elias.ns.cloudflare.com, ligia.ns.cloudflare.com",active,,,,Enabled,Active,None
ionescondido.com,"elias.ns.cloudflare.com, ligia.ns.cloudflare.com",active,,,,Enabled,Active,None
ionessex.com,"elias.ns.cloudflare.com, ligia.ns.cloudflare.com",active,,,,Enabled,Active,None
ionessexjunction.com,"elias.ns.cloudflare.com, ligia.ns.cloudflare.com",active,,,,Enabled,Active,None
ioneugene.com,"elias.ns.cloudflare.com, ligia.ns.cloudflare.com",active,,,,Enabled,Active,None
ioneureka.com,"elias.ns.cloudflare.com, ligia.ns.cloudflare.com",active,,,,Enabled,Active,None
ionevanston.com,"elias.ns.cloudflare.com, ligia.ns.cloudflare.com",active,,,,Enabled,Active,None
ionevansville.com,"elias.ns.cloudflare.com, ligia.ns.cloudflare.com",active,,,,Enabled,Active,None
ionevendale.com,"elias.ns.cloudflare.com, ligia.ns.cloudflare.com",active,,,,Enabled,Active,None
ionewagentry.com,"elias.ns.cloudflare.com, ligia.ns.cloudflare.com",active,,,,Enabled,Active,None
ionexcelsiorsprings.com,"elias.ns.cloudflare.com, ligia.ns.cloudflare.com",active,,,,Enabled,Active,None
ionfairbanks.com,"elias.ns.cloudflare.com, ligia.ns.cloudflare.com",active,,,,Enabled,Active,None
ionfairburn.com,"elias.ns.cloudflare.com, ligia.ns.cloudflare.com",active,,,,Enabled,Active,None
ionfairfield.com,"elias.ns.cloudflare.com, ligia.ns.cloudflare.com",active,,,,Enabled,Active,None
ionfairmont.com,"elias.ns.cloudflare.com, ligia.ns.cloudflare.com",active,,,,Enabled,Active,None
ionfairway.com,"elias.ns.cloudflare.com, ligia.ns.cloudflare.com",active,,,,Enabled,Active,None
ionfallbrook.com,"elias.ns.cloudflare.com, ligia.ns.cloudflare.com",active,,,,Enabled,Active,None
ionfallon.com,"elias.ns.cloudflare.com, ligia.ns.cloudflare.com",active,,,,Enabled,Active,None
ionfargo.com,"elias.ns.cloudflare.com, ligia.ns.cloudflare.com",active,,,,Enabled,Active,None
ionfarmington.com,"elias.ns.cloudflare.com, ligia.ns.cloudflare.com",active,,,,Enabled,Active,None
ionfernley.com,"elias.ns.cloudflare.com, ligia.ns.cloudflare.com",active,,,,Enabled,Active,None
ionfishers.com,"elias.ns.cloudflare.com, ligia.ns.cloudflare.com",active,,,,Enabled,Active,None
ionflagstaff.com,"elias.ns.cloudflare.com, ligia.ns.cloudflare.com",active,,,,Enabled,Active,None
ionflagtaff.com,"elias.ns.cloudflare.com, ligia.ns.cloudflare.com",active,,,,Enabled,Active,None
ionflint.com,"elias.ns.cloudflare.com, ligia.ns.cloudflare.com",active,,,,Enabled,Active,None
ionflorence.com,"elias.ns.cloudflare.com, ligia.ns.cloudflare.com",active,,,,Enabled,Active,None
ionflorida.com,"adi.ns.cloudflare.com, andy.ns.cloudflare.com",active,,,,Enabled,Active,None
ionfontana.com,"elias.ns.cloudflare.com, ligia.ns.cloudflare.com",active,,,,Enabled,Active,None
ionforestpark.com,"elias.ns.cloudflare.com, ligia.ns.cloudflare.com",active,,,,Enabled,Active,None
ionforestville.com,"elias.ns.cloudflare.com, ligia.ns.cloudflare.com",active,,,,Enabled,Active,None
ionfork.com,"elias.ns.cloudflare.com, ligia.ns.cloudflare.com",active,,,,Enabled,Active,None
ionfortcollins.com,"elias.ns.cloudflare.com, ligia.ns.cloudflare.com",active,,,,Enabled,Active,None
ionfortlauderdale.com,"elias.ns.cloudflare.com, ligia.ns.cloudflare.com",active,,,,Enabled,Active,None
ionfortmeyers.com,"elias.ns.cloudflare.com, ligia.ns.cloudflare.com",active,,,,Enabled,Active,None
ionfortsmith.com,"elias.ns.cloudflare.com, ligia.ns.cloudflare.com",active,,,,Enabled,Active,None
ionfortwayne.com,"elias.ns.cloudflare.com, ligia.ns.cloudflare.com",active,,,,Enabled,Active,None
ionfortworth.com,"elias.ns.cloudflare.com, ligia.ns.cloudflare.com",active,,,,Enabled,Active,None
ionfrankfort.com,"elias.ns.cloudflare.com, ligia.ns.cloudflare.com",active,,,,Enabled,Active,None
ionfranklin.com,"elias.ns.cloudflare.com, ligia.ns.cloudflare.com",active,,,,Enabled,Active,None
ionfrederick.com,"elias.ns.cloudflare.com, ligia.ns.cloudflare.com",active,,,,Enabled,Active,None
ionfredericksburg.com,"elias.ns.cloudflare.com, ligia.ns.cloudflare.com",active,,,,Enabled,Active,None
ionfreeland.com,"elias.ns.cloudflare.com, ligia.ns.cloudflare.com",active,,,,Enabled,Active,None
ionfremont.com,"elias.ns.cloudflare.com, ligia.ns.cloudflare.com",active,,,,Enabled,Active,None
ionfresno.com,"elias.ns.cloudflare.com, ligia.ns.cloudflare.com",active,,,,Enabled,Active,None
ionfrisco.com,"elias.ns.cloudflare.com, ligia.ns.cloudflare.com",active,,,,Enabled,Active,None
ionftlauderdale.com,"adi.ns.cloudflare.com, andy.ns.cloudflare.com",active,,,,Enabled,Active,None
iongainesville.com,"elias.ns.cloudflare.com, ligia.ns.cloudflare.com",active,,,,Enabled,Active,None
iongardencity.com,"elias.ns.cloudflare.com, ligia.ns.cloudflare.com",active,,,,Enabled,Active,None
iongardner.com,"elias.ns.cloudflare.com, ligia.ns.cloudflare.com",active,,,,Enabled,Active,None
iongarland.com,"elias.ns.cloudflare.com, ligia.ns.cloudflare.com",active,,,,Enabled,Active,None
iongastonia.com,"elias.ns.cloudflare.com, ligia.ns.cloudflare.com",active,,,,Enabled,Active,None
iongatineau.com,"elias.ns.cloudflare.com, ligia.ns.cloudflare.com",active,,,,Enabled,Active,None
iongatlinburg.com,"elias.ns.cloudflare.com, ligia.ns.cloudflare.com",active,,,,Enabled,Active,None
iongeneva.com,"elias.ns.cloudflare.com, ligia.ns.cloudflare.com",active,,,,Enabled,Active,None
iongeorgetown.com,"elias.ns.cloudflare.com, ligia.ns.cloudflare.com",active,,,,Enabled,Active,None
iongeorgia.org,"elias.ns.cloudflare.com, ligia.ns.cloudflare.com",active,,,,Enabled,Active,None
iongermantown.com,"elias.ns.cloudflare.com, ligia.ns.cloudflare.com",active,,,,Enabled,Active,None
iongilbert.com,"elias.ns.cloudflare.com, ligia.ns.cloudflare.com",active,,,,Enabled,Active,None
iongillette.com,"elias.ns.cloudflare.com, ligia.ns.cloudflare.com",active,,,,Enabled,Active,None
iongladstone.com,"elias.ns.cloudflare.com, ligia.ns.cloudflare.com",active,,,,Enabled,Active,None
ionglasgow.com,"elias.ns.cloudflare.com, ligia.ns.cloudflare.com",active,,,,Enabled,Active,None
ionglenarm.com,"elias.ns.cloudflare.com, ligia.ns.cloudflare.com",active,,,,Enabled,Active,None
ionglenburnie.com,"elias.ns.cloudflare.com, ligia.ns.cloudflare.com",active,,,,Enabled,Active,None
ionglendale.com,"elias.ns.cloudflare.com, ligia.ns.cloudflare.com",active,,,,Enabled,Active,None
ionglenrock.com,"elias.ns.cloudflare.com, ligia.ns.cloudflare.com",active,,,,Enabled,Active,None
ionglyndon.com,"elias.ns.cloudflare.com, ligia.ns.cloudflare.com",active,,,,Enabled,Active,None
iongolbert.com,"elias.ns.cloudflare.com, ligia.ns.cloudflare.com",active,,,,Enabled,Active,None
iongoleta.com,"elias.ns.cloudflare.com, ligia.ns.cloudflare.com",active,,,,Enabled,Active,None
iongrainvalley.com,"elias.ns.cloudflare.com, ligia.ns.cloudflare.com",active,,,,Enabled,Active,None
iongrandforks.com,"elias.ns.cloudflare.com, ligia.ns.cloudflare.com",active,,,,Enabled,Active,None
iongrandisland.com,"elias.ns.cloudflare.com, ligia.ns.cloudflare.com",active,,,,Enabled,Active,None
iongrandjunction.com,"elias.ns.cloudflare.com, ligia.ns.cloudflare.com",active,,,,Enabled,Active,None
iongrandprairie.com,"elias.ns.cloudflare.com, ligia.ns.cloudflare.com",active,,,,Enabled,Active,None
iongrandrapids.com,"elias.ns.cloudflare.com, ligia.ns.cloudflare.com",active,,,,Enabled,Active,None
iongrandview.com,"elias.ns.cloudflare.com, ligia.ns.cloudflare.com",active,,,,Enabled,Active,None
iongrayson.com,"elias.ns.cloudflare.com, ligia.ns.cloudflare.com",active,,,,Enabled,Active,None
iongreatfalls.com,"elias.ns.cloudflare.com, ligia.ns.cloudflare.com",active,,,,Enabled,Active,None
iongreece.com,"adi.ns.cloudflare.com, andy.ns.cloudflare.com",active,,,,Enabled,Active,None
iongreeley.com,"elias.ns.cloudflare.com, ligia.ns.cloudflare.com",active,,,,Enabled,Active,None
iongreenbay.com,"elias.ns.cloudflare.com, ligia.ns.cloudflare.com",active,,,,Enabled,Active,None
iongreenland.com,"elias.ns.cloudflare.com, ligia.ns.cloudflare.com",active,,,,Enabled,Active,None
iongreenriver.com,"elias.ns.cloudflare.com, ligia.ns.cloudflare.com",active,,,,Enabled,Active,None
iongreensboro.com,"elias.ns.cloudflare.com, ligia.ns.cloudflare.com",active,,,,Enabled,Active,None
iongreenville.com,"adi.ns.cloudflare.com, andy.ns.cloudflare.com",active,,,,Enabled,Active,None
iongresham.com,"elias.ns.cloudflare.com, ligia.ns.cloudflare.com",active,,,,Enabled,Active,None
ionguaynabo.com,"elias.ns.cloudflare.com, ligia.ns.cloudflare.com",active,,,,Enabled,Active,None
iongulfport.com,"elias.ns.cloudflare.com, ligia.ns.cloudflare.com",active,,,,Enabled,Active,None
iongwynnoak.com,"elias.ns.cloudflare.com, ligia.ns.cloudflare.com",active,,,,Enabled,Active,None
ionhagerstown.com,"elias.ns.cloudflare.com, ligia.ns.cloudflare.com",active,,,,Enabled,Active,None
ionhalethorpe.com,"elias.ns.cloudflare.com, ligia.ns.cloudflare.com",active,,,,Enabled,Active,None
ionhalifax.com,"elias.ns.cloudflare.com, ligia.ns.cloudflare.com",active,,,,Enabled,Active,None
ionhamden.com,"elias.ns.cloudflare.com, ligia.ns.cloudflare.com",active,,,,Enabled,Active,None
