Domain,Status,"Name Servers","Created On"
ionaberdeen.com,active,"elias.ns.cloudflare.com; ligia.ns.cloudflare.com",2025-04-15T18:13:30.214171Z
ionacworth.com,active,"elias.ns.cloudflare.com; ligia.ns.cloudflare.com",2025-07-18T19:53:00.669698Z
ionalabama.com,active,"adi.ns.cloudflare.com; andy.ns.cloudflare.com",2025-04-12T11:56:41.046729Z
ionalaska.com,active,"adi.ns.cloudflare.com; andy.ns.cloudflare.com",2025-04-12T12:08:10.732027Z
ionalbany.com,active,"elias.ns.cloudflare.com; ligia.ns.cloudflare.com",2025-04-15T18:13:34.208319Z
ionalbuquerque.com,active,"adi.ns.cloudflare.com; andy.ns.cloudflare.com",2025-04-13T01:00:47.181473Z
ionalexandria.com,active,"elias.ns.cloudflare.com; ligia.ns.cloudflare.com",2025-04-15T18:13:41.749355Z
ionallentown.com,active,"elias.ns.cloudflare.com; ligia.ns.cloudflare.com",2025-04-15T18:13:45.333299Z
ionalpharetta.com,active,"elias.ns.cloudflare.com; ligia.ns.cloudflare.com",2025-07-18T19:53:07.966643Z
ionamarillo.com,active,"elias.ns.cloudflare.com; ligia.ns.cloudflare.com",2025-04-15T18:13:49.293181Z
ionamberley.com,active,"elias.ns.cloudflare.com; ligia.ns.cloudflare.com",2025-07-18T19:53:15.283055Z
ionamerica.org,active,"elias.ns.cloudflare.com; ligia.ns.cloudflare.com",2025-07-24T15:19:42.836072Z
ionanaheim.com,active,"adi.ns.cloudflare.com; andy.ns.cloudflare.com",2025-04-12T12:09:33.170827Z
ionankeny.com,active,"elias.ns.cloudflare.com; ligia.ns.cloudflare.com",2025-04-15T18:13:56.768397Z
ionannarbor.com,active,"elias.ns.cloudflare.com; ligia.ns.cloudflare.com",2025-04-15T18:14:00.747982Z
ionantioch.com,active,"adi.ns.cloudflare.com; andy.ns.cloudflare.com",2025-07-24T16:00:02.061904Z
ionappleton.com,active,"elias.ns.cloudflare.com; ligia.ns.cloudflare.com",2025-04-15T18:25:11.493912Z
ionarkansas.com,active,"adi.ns.cloudflare.com; andy.ns.cloudflare.com",2025-04-12T12:28:54.035380Z
ionasheville.com,active,"elias.ns.cloudflare.com; ligia.ns.cloudflare.com",2025-07-24T15:51:51.331477Z
ionathens.com,active,"elias.ns.cloudflare.com; ligia.ns.cloudflare.com",2025-04-15T18:25:19.038173Z
ionatlanta.com,active,"adi.ns.cloudflare.com; andy.ns.cloudflare.com",2025-04-12T10:26:01.098811Z
ionatlanticcity.com,active,"elias.ns.cloudflare.com; ligia.ns.cloudflare.com",2025-04-15T18:25:23.978109Z
ionauburn.com,active,"elias.ns.cloudflare.com; ligia.ns.cloudflare.com",2025-04-15T18:25:27.903068Z
ionaugusta.com,active,"elias.ns.cloudflare.com; ligia.ns.cloudflare.com",2025-04-15T18:25:31.879326Z
ionaurora.com,active,"elias.ns.cloudflare.com; ligia.ns.cloudflare.com",2025-04-15T18:25:35.358701Z
ionavondale.com,active,"elias.ns.cloudflare.com; ligia.ns.cloudflare.com",2025-04-15T18:25:40.298702Z
ionavondaleestates.com,active,"elias.ns.cloudflare.com; ligia.ns.cloudflare.com",2025-07-18T19:53:22.565831Z
ionbadger.com,active,"elias.ns.cloudflare.com; ligia.ns.cloudflare.com",2025-04-15T18:25:44.193524Z
ionbaldwin.com,active,"elias.ns.cloudflare.com; ligia.ns.cloudflare.com",2025-07-18T19:53:29.996343Z
ionbaltimore.com,active,"elias.ns.cloudflare.com; ligia.ns.cloudflare.com",2025-04-15T18:25:48.100235Z
ionbarnstable.com,active,"elias.ns.cloudflare.com; ligia.ns.cloudflare.com",2025-04-15T18:25:51.773613Z
ionbasehor.com,active,"elias.ns.cloudflare.com; ligia.ns.cloudflare.com",2025-07-18T19:53:37.097234Z
ionbeaverton.com,active,"elias.ns.cloudflare.com; ligia.ns.cloudflare.com",2025-04-15T18:25:59.624080Z
ionbeckley.com,active,"elias.ns.cloudflare.com; ligia.ns.cloudflare.com",2025-04-15T18:26:03.551788Z
ionbelgrade.com,active,"elias.ns.cloudflare.com; ligia.ns.cloudflare.com",2025-04-15T18:26:07.490802Z
ionbellevue.com,active,"elias.ns.cloudflare.com; ligia.ns.cloudflare.com",2025-04-15T18:26:11.093345Z
ionbelton.com,active,"elias.ns.cloudflare.com; ligia.ns.cloudflare.com",2025-07-18T20:13:07.286019Z
ionberkeley.com,active,"elias.ns.cloudflare.com; ligia.ns.cloudflare.com",2025-04-15T18:26:15.014304Z
ionbigbear.com,active,"elias.ns.cloudflare.com; ligia.ns.cloudflare.com",2025-04-15T18:26:18.545326Z
ionbinghamton.com,active,"elias.ns.cloudflare.com; ligia.ns.cloudflare.com",2025-04-15T18:26:22.399995Z
ionbirmingham.org,active,"adi.ns.cloudflare.com; andy.ns.cloudflare.com",2025-07-23T10:03:08.314591Z
ionblacksburg.com,active,"elias.ns.cloudflare.com; ligia.ns.cloudflare.com",2025-04-15T18:26:26.431984Z
ionbloomington.com,active,"elias.ns.cloudflare.com; ligia.ns.cloudflare.com",2025-04-15T18:26:30.077488Z
ionblueash.com,active,"elias.ns.cloudflare.com; ligia.ns.cloudflare.com",2025-07-18T20:13:14.808958Z
ionbluesprings.com,active,"adi.ns.cloudflare.com; andy.ns.cloudflare.com",2025-07-20T13:20:18.599030Z
ionbocaraton.com,active,"elias.ns.cloudflare.com; ligia.ns.cloudflare.com",2025-04-15T18:26:34.479991Z
ionboise.org,active,"adi.ns.cloudflare.com; andy.ns.cloudflare.com",2025-04-13T00:59:13.688309Z
ionbonnersprings.com,active,"elias.ns.cloudflare.com; ligia.ns.cloudflare.com",2025-07-18T20:17:15.200977Z
ionbosnia.com,active,"elias.ns.cloudflare.com; ligia.ns.cloudflare.com",2025-04-15T18:26:38.446598Z
ionboston.com,active,"adi.ns.cloudflare.com; andy.ns.cloudflare.com",2025-04-12T11:41:44.358397Z
ionboulder.com,active,"adi.ns.cloudflare.com; andy.ns.cloudflare.com",2025-04-12T12:08:43.361630Z
ionbowlinggreen.com,active,"elias.ns.cloudflare.com; ligia.ns.cloudflare.com",2025-04-15T18:26:42.564782Z
ionboyntonbeach.com,active,"elias.ns.cloudflare.com; ligia.ns.cloudflare.com",2025-04-15T18:26:46.622220Z
ionbrampton.com,active,"elias.ns.cloudflare.com; ligia.ns.cloudflare.com",2025-04-15T18:26:50.592919Z
ionbremerton.com,active,"elias.ns.cloudflare.com; ligia.ns.cloudflare.com",2025-04-15T18:26:54.263072Z
ionbridgeport.com,active,"elias.ns.cloudflare.com; ligia.ns.cloudflare.com",2025-04-15T18:26:57.889164Z
ionbristol.com,active,"elias.ns.cloudflare.com; ligia.ns.cloudflare.com",2025-04-15T18:55:33.597508Z
ionbritishcolumbia.com,active,"elias.ns.cloudflare.com; ligia.ns.cloudflare.com",2025-04-15T18:55:37.892007Z
ionbronx.com,active,"adi.ns.cloudflare.com; andy.ns.cloudflare.com",2025-04-12T12:29:08.587475Z
ionbrookhaven.com,active,"elias.ns.cloudflare.com; ligia.ns.cloudflare.com",2025-04-15T18:55:41.717943Z
ionbrooklyn.com,active,"elias.ns.cloudflare.com; ligia.ns.cloudflare.com",2025-04-15T18:55:45.649057Z
ionbrooklynpark.com,active,"elias.ns.cloudflare.com; ligia.ns.cloudflare.com",2025-04-15T18:55:49.584174Z
ionbrooksville.com,active,"elias.ns.cloudflare.com; ligia.ns.cloudflare.com",2025-04-15T18:55:53.857740Z
ionbrownsville.com,active,"elias.ns.cloudflare.com; ligia.ns.cloudflare.com",2025-04-15T18:55:57.423804Z
ionbrunswick.com,active,"elias.ns.cloudflare.com; ligia.ns.cloudflare.com",2025-07-18T20:17:23.281104Z
ionbuchanan.com,pending,"elias.ns.cloudflare.com; ligia.ns.cloudflare.com",2025-07-18T20:17:32.253676Z
ionbuford.com,active,"elias.ns.cloudflare.com; ligia.ns.cloudflare.com",2025-07-18T20:17:39.498052Z
ionburnaby.com,active,"elias.ns.cloudflare.com; ligia.ns.cloudflare.com",2025-04-15T18:56:01.500002Z
ionbyron.com,active,"elias.ns.cloudflare.com; ligia.ns.cloudflare.com",2025-04-15T18:56:05.669436Z
ioncaldwell.com,active,"elias.ns.cloudflare.com; ligia.ns.cloudflare.com",2025-04-15T18:56:09.227250Z
ioncalhoun.com,active,"elias.ns.cloudflare.com; ligia.ns.cloudflare.com",2025-04-15T19:22:27.899725Z
ioncalifornia.com,active,"adi.ns.cloudflare.com; andy.ns.cloudflare.com",2025-04-12T11:56:44.452598Z
ioncamden.com,active,"elias.ns.cloudflare.com; ligia.ns.cloudflare.com",2025-04-15T20:01:52.957182Z
ioncanton.com,active,"elias.ns.cloudflare.com; ligia.ns.cloudflare.com",2025-04-15T20:01:56.884186Z
ioncarlsbad.com,active,"adi.ns.cloudflare.com; andy.ns.cloudflare.com",2025-04-12T12:08:28.905257Z
ioncarmel.com,active,"elias.ns.cloudflare.com; ligia.ns.cloudflare.com",2025-04-15T20:02:00.744669Z
ioncarolina.com,active,"elias.ns.cloudflare.com; ligia.ns.cloudflare.com",2025-04-15T20:02:04.849522Z
ioncarrollton.com,active,"elias.ns.cloudflare.com; ligia.ns.cloudflare.com",2025-07-18T20:17:47.020639Z
ioncarsoncity.com,active,"elias.ns.cloudflare.com; ligia.ns.cloudflare.com",2025-04-15T20:02:08.722438Z
ioncartersville.com,active,"elias.ns.cloudflare.com; ligia.ns.cloudflare.com",2025-04-15T20:02:12.541019Z
ioncatonsville.com,active,"elias.ns.cloudflare.com; ligia.ns.cloudflare.com",2025-07-18T20:17:55.262339Z
ionchamblee.com,active,"elias.ns.cloudflare.com; ligia.ns.cloudflare.com",2025-04-15T20:02:23.957597Z
ionchampaign.com,active,"elias.ns.cloudflare.com; ligia.ns.cloudflare.com",2025-04-15T20:02:27.895992Z
ionchandler.com,active,"adi.ns.cloudflare.com; andy.ns.cloudflare.com",2025-04-12T11:41:39.968424Z
ionchapelhill.com,active,"elias.ns.cloudflare.com; ligia.ns.cloudflare.com",2025-04-15T20:02:31.888433Z
ioncharleston.com,active,"adi.ns.cloudflare.com; andy.ns.cloudflare.com",2025-04-12T12:09:01.305613Z
ioncharlotte.com,active,"adi.ns.cloudflare.com; andy.ns.cloudflare.com",2025-04-12T12:29:12.248735Z
ioncharlottesville.com,active,"elias.ns.cloudflare.com; ligia.ns.cloudflare.com",2025-04-15T20:02:35.822224Z
ionchattanooga.com,active,"elias.ns.cloudflare.com; ligia.ns.cloudflare.com",2025-04-15T20:02:39.415399Z
ionchesapeake.com,active,"elias.ns.cloudflare.com; ligia.ns.cloudflare.com",2025-04-15T20:02:42.876572Z
ioncheshire.com,active,"elias.ns.cloudflare.com; ligia.ns.cloudflare.com",2025-04-15T20:02:46.883187Z
ionchestnuthill.com,active,"elias.ns.cloudflare.com; ligia.ns.cloudflare.com",2025-04-15T20:02:50.557330Z
ioncheyenne.com,active,"elias.ns.cloudflare.com; ligia.ns.cloudflare.com",2025-04-15T20:02:54.773544Z
ionchicago.org,active,"elias.ns.cloudflare.com; ligia.ns.cloudflare.com",2025-04-15T20:02:58.308214Z
ioncincinnati.com,active,"adi.ns.cloudflare.com; andy.ns.cloudflare.com",2025-04-12T10:26:02.017853Z
ionclaremont.com,active,"elias.ns.cloudflare.com; ligia.ns.cloudflare.com",2025-04-15T20:03:02.368117Z
ionclarksville.com,active,"elias.ns.cloudflare.com; ligia.ns.cloudflare.com",2025-04-15T20:03:06.409146Z
ionclaxton.com,active,"elias.ns.cloudflare.com; ligia.ns.cloudflare.com",2025-07-18T20:18:02.864621Z
ionclaycomo.com,active,"elias.ns.cloudflare.com; ligia.ns.cloudflare.com",2025-07-18T20:18:10.386618Z
ionclearwater.com,active,"adi.ns.cloudflare.com; andy.ns.cloudflare.com",2025-04-12T12:29:46.951746Z
ioncleveland.com,active,"adi.ns.cloudflare.com; andy.ns.cloudflare.com",2025-04-12T12:08:54.270396Z
ionclifton.com,active,"elias.ns.cloudflare.com; ligia.ns.cloudflare.com",2025-04-15T20:03:10.222966Z
ioncockeysville.com,active,"elias.ns.cloudflare.com; ligia.ns.cloudflare.com",2025-07-18T20:18:17.769684Z
ioncoldsprings.com,active,"elias.ns.cloudflare.com; ligia.ns.cloudflare.com",2025-07-18T20:18:24.788442Z
ioncollegepark.com,pending,"elias.ns.cloudflare.com; ligia.ns.cloudflare.com",2025-07-18T20:18:31.862236Z
ioncollegestation.com,active,"elias.ns.cloudflare.com; ligia.ns.cloudflare.com",2025-07-24T18:24:54.122043Z
ioncolorado.com,active,"adi.ns.cloudflare.com; andy.ns.cloudflare.com",2025-04-12T12:28:36.714228Z
ioncoloradosprings.com,active,"elias.ns.cloudflare.com; ligia.ns.cloudflare.com",2025-04-15T20:03:14.318502Z
ioncolumbia.com,active,"elias.ns.cloudflare.com; ligia.ns.cloudflare.com",2025-04-15T20:03:17.997252Z
ioncolumbus.com,active,"adi.ns.cloudflare.com; andy.ns.cloudflare.com",2025-04-12T12:09:04.607458Z
ionconnecticut.com,active,"adi.ns.cloudflare.com; andy.ns.cloudflare.com",2025-04-12T12:28:43.465944Z
ionconyers.com,active,"elias.ns.cloudflare.com; ligia.ns.cloudflare.com",2025-07-18T20:18:38.879451Z
ioncorryville.com,active,"elias.ns.cloudflare.com; ligia.ns.cloudflare.com",2025-04-15T20:03:21.978879Z
ioncorvalis.com,active,"elias.ns.cloudflare.com; ligia.ns.cloudflare.com",2025-04-15T20:03:25.597826Z
ioncostamesa.com,active,"elias.ns.cloudflare.com; ligia.ns.cloudflare.com",2025-04-15T20:03:29.518681Z
ioncovington.com,active,"elias.ns.cloudflare.com; ligia.ns.cloudflare.com",2025-04-15T20:03:33.582967Z
ioncranston.com,active,"elias.ns.cloudflare.com; ligia.ns.cloudflare.com",2025-04-15T20:03:38.124124Z
ioncumming.com,active,"elias.ns.cloudflare.com; ligia.ns.cloudflare.com",2025-07-18T20:18:46.332003Z
iondahlonega.com,active,"elias.ns.cloudflare.com; ligia.ns.cloudflare.com",2025-04-15T20:03:45.536650Z
iondallas.org,active,"elias.ns.cloudflare.com; ligia.ns.cloudflare.com",2025-04-15T20:03:49.181816Z
iondarien.com,active,"elias.ns.cloudflare.com; ligia.ns.cloudflare.com",2025-07-18T20:18:53.830186Z
iondavenport.com,active,"elias.ns.cloudflare.com; ligia.ns.cloudflare.com",2025-07-24T15:52:38.488416Z
iondavis.com,active,"elias.ns.cloudflare.com; ligia.ns.cloudflare.com",2025-04-15T23:22:50.784335Z
iondawsonville.com,active,"elias.ns.cloudflare.com; ligia.ns.cloudflare.com",2025-04-15T23:22:54.683108Z
iondayton.com,active,"elias.ns.cloudflare.com; ligia.ns.cloudflare.com",2025-04-15T23:22:58.498802Z
iondecathlon.com,active,"elias.ns.cloudflare.com; ligia.ns.cloudflare.com",2025-04-15T23:23:02.448634Z
iondecatur.com,active,"elias.ns.cloudflare.com; ligia.ns.cloudflare.com",2025-04-15T23:23:06.492641Z
iondeerpark.com,active,"elias.ns.cloudflare.com; ligia.ns.cloudflare.com",2025-04-15T23:23:09.978851Z
iondelaware.com,active,"adi.ns.cloudflare.com; andy.ns.cloudflare.com",2025-04-12T12:28:50.411428Z
iondelmar.com,active,"elias.ns.cloudflare.com; ligia.ns.cloudflare.com",2025-04-15T23:23:13.875978Z
iondelraybeach.com,active,"elias.ns.cloudflare.com; ligia.ns.cloudflare.com",2025-04-15T23:23:17.415864Z
iondeltona.com,active,"elias.ns.cloudflare.com; ligia.ns.cloudflare.com",2025-07-24T18:24:24.717689Z
iondenton.com,active,"elias.ns.cloudflare.com; ligia.ns.cloudflare.com",2025-04-15T23:23:21.174077Z
iondenver.com,active,"adi.ns.cloudflare.com; andy.ns.cloudflare.com",2025-04-12T10:26:00.168212Z
iondesoto.com,active,"elias.ns.cloudflare.com; ligia.ns.cloudflare.com",2025-07-18T20:19:01.116918Z
iondetroit.com,active,"adi.ns.cloudflare.com; andy.ns.cloudflare.com",2025-04-12T12:08:14.382978Z
iondianapolis.com,active,"elias.ns.cloudflare.com; ligia.ns.cloudflare.com",2025-04-15T23:23:28.995785Z
iondickinson.com,active,"elias.ns.cloudflare.com; ligia.ns.cloudflare.com",2025-04-15T23:23:32.980433Z
iondollarpoint.com,active,"elias.ns.cloudflare.com; ligia.ns.cloudflare.com",2025-07-18T20:19:08.882045Z
iondonesia.com,active,"elias.ns.cloudflare.com; ligia.ns.cloudflare.com",2025-07-24T15:19:29.109224Z
iondoraville.com,active,"elias.ns.cloudflare.com; ligia.ns.cloudflare.com",2025-04-15T23:23:40.593190Z
iondothan.com,active,"elias.ns.cloudflare.com; ligia.ns.cloudflare.com",2025-04-15T23:23:44.214951Z
iondouglasville.com,active,"elias.ns.cloudflare.com; ligia.ns.cloudflare.com",2025-04-15T23:23:47.761080Z
iondover.com,active,"adi.ns.cloudflare.com; andy.ns.cloudflare.com",2025-04-12T12:29:15.938311Z
iondraper.com,pending,"adi.ns.cloudflare.com; andy.ns.cloudflare.com",2025-07-18T20:19:56.096042Z
iondubuque.com,active,"elias.ns.cloudflare.com; ligia.ns.cloudflare.com",2025-04-15T23:23:51.571868Z
ionduluth.com,active,"elias.ns.cloudflare.com; ligia.ns.cloudflare.com",2025-07-18T20:20:27.344906Z
iondundalk.com,active,"elias.ns.cloudflare.com; ligia.ns.cloudflare.com",2025-07-18T20:20:34.878991Z
iondunwoody.com,active,"elias.ns.cloudflare.com; ligia.ns.cloudflare.com",2025-07-18T20:20:42.250369Z
ioneasthonolulu.com,active,"elias.ns.cloudflare.com; ligia.ns.cloudflare.com",2025-04-15T23:23:55.107735Z
ioneastlansing.com,active,"elias.ns.cloudflare.com; ligia.ns.cloudflare.com",2025-04-15T23:23:58.656636Z
ioneastprovidence.com,active,"elias.ns.cloudflare.com; ligia.ns.cloudflare.com",2025-07-18T23:36:07.317905Z
ioneastvalley.com,active,"elias.ns.cloudflare.com; ligia.ns.cloudflare.com",2025-07-18T20:20:49.522332Z
ionedmond.com,active,"elias.ns.cloudflare.com; ligia.ns.cloudflare.com",2025-04-15T23:24:02.435528Z
ionedmonton.com,active,"elias.ns.cloudflare.com; ligia.ns.cloudflare.com",2025-04-15T23:24:06.239480Z
ionedwardsville.com,active,"elias.ns.cloudflare.com; ligia.ns.cloudflare.com",2025-07-18T20:20:56.983029Z
ionelcajon.com,active,"elias.ns.cloudflare.com; ligia.ns.cloudflare.com",2025-07-18T23:36:16.889952Z
ionelgin.com,active,"elias.ns.cloudflare.com; ligia.ns.cloudflare.com",2025-07-18T23:36:26.762716Z
ionelizabeth.com,active,"elias.ns.cloudflare.com; ligia.ns.cloudflare.com",2025-04-15T23:24:10.038314Z
ionelkhart.com,active,"elias.ns.cloudflare.com; ligia.ns.cloudflare.com",2025-04-15T23:24:14.378096Z
ionellicottcity.com,active,"elias.ns.cloudflare.com; ligia.ns.cloudflare.com",2025-04-15T23:24:18.439728Z
ionelpaso.com,active,"elias.ns.cloudflare.com; ligia.ns.cloudflare.com",2025-04-15T23:24:22.052031Z
ionelsegundo.com,active,"adi.ns.cloudflare.com; andy.ns.cloudflare.com",2025-05-29T18:52:15.749528Z
ionencinitas.com,active,"elias.ns.cloudflare.com; ligia.ns.cloudflare.com",2025-07-18T23:36:36.625866Z
ionenid.com,active,"elias.ns.cloudflare.com; ligia.ns.cloudflare.com",2025-07-18T23:36:46.730584Z
ionerie.com,active,"elias.ns.cloudflare.com; ligia.ns.cloudflare.com",2025-04-15T23:24:25.840066Z
ionescondido.com,active,"elias.ns.cloudflare.com; ligia.ns.cloudflare.com",2025-07-18T23:36:56.667394Z
ionessex.com,active,"elias.ns.cloudflare.com; ligia.ns.cloudflare.com",2025-07-18T20:21:04.331763Z
ionessexjunction.com,active,"elias.ns.cloudflare.com; ligia.ns.cloudflare.com",2025-07-18T23:37:06.539748Z
ioneugene.com,active,"elias.ns.cloudflare.com; ligia.ns.cloudflare.com",2025-04-15T23:24:30.079423Z
ioneureka.com,active,"elias.ns.cloudflare.com; ligia.ns.cloudflare.com",2025-07-18T23:37:16.353778Z
ionevanston.com,active,"elias.ns.cloudflare.com; ligia.ns.cloudflare.com",2025-07-18T20:21:11.927068Z
ionevansville.com,active,"elias.ns.cloudflare.com; ligia.ns.cloudflare.com",2025-04-15T23:24:33.570898Z
ionevendale.com,active,"elias.ns.cloudflare.com; ligia.ns.cloudflare.com",2025-07-18T20:21:21.337494Z
ionewagentry.com,active,"elias.ns.cloudflare.com; ligia.ns.cloudflare.com",2025-04-15T23:24:37.498793Z
ionexcelsiorsprings.com,active,"elias.ns.cloudflare.com; ligia.ns.cloudflare.com",2025-07-18T20:21:28.605107Z
ionfairbanks.com,active,"elias.ns.cloudflare.com; ligia.ns.cloudflare.com",2025-07-18T23:37:26.014514Z
ionfairburn.com,active,"elias.ns.cloudflare.com; ligia.ns.cloudflare.com",2025-07-18T20:21:35.763851Z
ionfairfield.com,active,"elias.ns.cloudflare.com; ligia.ns.cloudflare.com",2025-07-18T20:21:43.587834Z
ionfairmont.com,active,"elias.ns.cloudflare.com; ligia.ns.cloudflare.com",2025-07-18T23:37:35.485952Z
ionfairway.com,active,"elias.ns.cloudflare.com; ligia.ns.cloudflare.com",2025-07-18T20:21:50.770985Z
ionfallbrook.com,active,"elias.ns.cloudflare.com; ligia.ns.cloudflare.com",2025-07-18T23:42:24.636272Z
ionfallon.com,active,"elias.ns.cloudflare.com; ligia.ns.cloudflare.com",2025-07-18T23:42:34.581949Z
ionfargo.com,active,"elias.ns.cloudflare.com; ligia.ns.cloudflare.com",2025-07-18T23:42:44.496753Z
ionfarmington.com,active,"elias.ns.cloudflare.com; ligia.ns.cloudflare.com",2025-07-18T23:42:54.514231Z
ionfayetteville.com,pending,"elias.ns.cloudflare.com; ligia.ns.cloudflare.com",2025-07-24T15:50:38.644888Z
ionfernley.com,active,"elias.ns.cloudflare.com; ligia.ns.cloudflare.com",2025-07-18T20:21:58.068951Z
ionfishers.com,active,"elias.ns.cloudflare.com; ligia.ns.cloudflare.com",2025-07-18T23:43:04.343071Z
ionflagstaff.com,active,"elias.ns.cloudflare.com; ligia.ns.cloudflare.com",2025-07-18T23:43:14.135180Z
ionflagtaff.com,active,"elias.ns.cloudflare.com; ligia.ns.cloudflare.com",2025-07-18T23:43:24.292087Z
ionflint.com,active,"elias.ns.cloudflare.com; ligia.ns.cloudflare.com",2025-07-18T23:43:34.361247Z
ionflorence.com,active,"elias.ns.cloudflare.com; ligia.ns.cloudflare.com",2025-07-18T23:43:44.493016Z
ionflorida.com,active,"adi.ns.cloudflare.com; andy.ns.cloudflare.com",2025-04-12T11:41:41.201212Z
ionfontana.com,active,"elias.ns.cloudflare.com; ligia.ns.cloudflare.com",2025-07-18T23:43:54.362190Z
ionforestpark.com,active,"elias.ns.cloudflare.com; ligia.ns.cloudflare.com",2025-07-18T20:22:05.082098Z
ionforestville.com,active,"elias.ns.cloudflare.com; ligia.ns.cloudflare.com",2025-07-18T20:22:12.719209Z
ionfork.com,active,"elias.ns.cloudflare.com; ligia.ns.cloudflare.com",2025-07-18T20:22:19.916248Z
ionfortcollins.com,active,"elias.ns.cloudflare.com; ligia.ns.cloudflare.com",2025-07-18T23:44:04.390452Z
ionfortlauderdale.com,active,"elias.ns.cloudflare.com; ligia.ns.cloudflare.com",2025-07-18T23:44:14.737314Z
ionfortmeyers.com,active,"elias.ns.cloudflare.com; ligia.ns.cloudflare.com",2025-07-18T23:56:38.087204Z
ionfortsmith.com,active,"elias.ns.cloudflare.com; ligia.ns.cloudflare.com",2025-07-18T23:56:48.171192Z
ionfortwayne.com,active,"elias.ns.cloudflare.com; ligia.ns.cloudflare.com",2025-07-18T23:56:58.177769Z
ionfortworth.com,active,"elias.ns.cloudflare.com; ligia.ns.cloudflare.com",2025-07-18T23:57:08.042301Z
ionfrankfort.com,active,"elias.ns.cloudflare.com; ligia.ns.cloudflare.com",2025-07-18T23:57:17.873164Z
ionfranklin.com,active,"elias.ns.cloudflare.com; ligia.ns.cloudflare.com",2025-07-18T23:57:28.219960Z
ionfrederick.com,active,"elias.ns.cloudflare.com; ligia.ns.cloudflare.com",2025-07-18T23:57:38.205644Z
ionfredericksburg.com,active,"elias.ns.cloudflare.com; ligia.ns.cloudflare.com",2025-07-18T23:57:47.833835Z
ionfreeland.com,active,"elias.ns.cloudflare.com; ligia.ns.cloudflare.com",2025-07-18T20:22:27.028004Z
ionfremont.com,active,"elias.ns.cloudflare.com; ligia.ns.cloudflare.com",2025-07-18T23:57:58.048036Z
ionfresno.com,active,"elias.ns.cloudflare.com; ligia.ns.cloudflare.com",2025-07-18T23:58:07.730042Z
ionfrisco.com,active,"elias.ns.cloudflare.com; ligia.ns.cloudflare.com",2025-07-18T23:58:17.126114Z
ionftlauderdale.com,active,"adi.ns.cloudflare.com; andy.ns.cloudflare.com",2025-04-12T11:56:51.645095Z
iongainesville.com,active,"elias.ns.cloudflare.com; ligia.ns.cloudflare.com",2025-07-18T21:19:28.591944Z
iongardencity.com,active,"elias.ns.cloudflare.com; ligia.ns.cloudflare.com",2025-07-18T23:58:26.998438Z
iongardner.com,active,"elias.ns.cloudflare.com; ligia.ns.cloudflare.com",2025-07-18T21:19:36.021824Z
iongarland.com,active,"elias.ns.cloudflare.com; ligia.ns.cloudflare.com",2025-07-19T00:33:52.097169Z
iongastonia.com,active,"elias.ns.cloudflare.com; ligia.ns.cloudflare.com",2025-07-19T00:34:01.957100Z
iongatineau.com,active,"elias.ns.cloudflare.com; ligia.ns.cloudflare.com",2025-07-19T00:34:11.503701Z
iongatlinburg.com,active,"elias.ns.cloudflare.com; ligia.ns.cloudflare.com",2025-07-19T00:34:21.182218Z
iongeneva.com,active,"elias.ns.cloudflare.com; ligia.ns.cloudflare.com",2025-07-19T00:34:31.249793Z
iongeorgetown.com,active,"elias.ns.cloudflare.com; ligia.ns.cloudflare.com",2025-07-19T00:34:41.031342Z
iongeorgia.org,active,"elias.ns.cloudflare.com; ligia.ns.cloudflare.com",2025-07-19T00:34:50.504355Z
iongermantown.com,active,"elias.ns.cloudflare.com; ligia.ns.cloudflare.com",2025-07-19T00:35:00.241419Z
iongilbert.com,active,"elias.ns.cloudflare.com; ligia.ns.cloudflare.com",2025-07-19T00:35:13.671956Z
iongillette.com,active,"elias.ns.cloudflare.com; ligia.ns.cloudflare.com",2025-07-19T00:35:23.713757Z
iongladstone.com,active,"elias.ns.cloudflare.com; ligia.ns.cloudflare.com",2025-07-18T21:19:43.213256Z
ionglasgow.com,active,"elias.ns.cloudflare.com; ligia.ns.cloudflare.com",2025-07-19T00:35:33.764819Z
ionglenarm.com,active,"elias.ns.cloudflare.com; ligia.ns.cloudflare.com",2025-07-18T21:19:50.854229Z
ionglenburnie.com,active,"elias.ns.cloudflare.com; ligia.ns.cloudflare.com",2025-07-19T00:48:36.643438Z
ionglendale.com,active,"elias.ns.cloudflare.com; ligia.ns.cloudflare.com",2025-07-19T00:48:46.734014Z
ionglenrock.com,active,"elias.ns.cloudflare.com; ligia.ns.cloudflare.com",2025-07-19T00:48:56.590668Z
ionglyndon.com,active,"elias.ns.cloudflare.com; ligia.ns.cloudflare.com",2025-07-18T21:19:58.026254Z
iongolbert.com,active,"elias.ns.cloudflare.com; ligia.ns.cloudflare.com",2025-07-19T00:49:07.180262Z
iongoleta.com,active,"elias.ns.cloudflare.com; ligia.ns.cloudflare.com",2025-07-19T00:49:16.953130Z
iongrainvalley.com,active,"elias.ns.cloudflare.com; ligia.ns.cloudflare.com",2025-07-18T21:20:09.499016Z
iongrandforks.com,active,"elias.ns.cloudflare.com; ligia.ns.cloudflare.com",2025-07-19T00:49:26.928945Z
iongrandisland.com,active,"elias.ns.cloudflare.com; ligia.ns.cloudflare.com",2025-07-19T00:49:36.892959Z
iongrandjunction.com,active,"elias.ns.cloudflare.com; ligia.ns.cloudflare.com",2025-07-19T00:49:46.518779Z
iongrandprairie.com,active,"elias.ns.cloudflare.com; ligia.ns.cloudflare.com",2025-07-19T00:49:56.663996Z
iongrandrapids.com,active,"elias.ns.cloudflare.com; ligia.ns.cloudflare.com",2025-07-19T00:50:06.475276Z
iongrandview.com,active,"elias.ns.cloudflare.com; ligia.ns.cloudflare.com",2025-07-18T21:20:16.587380Z
iongrayson.com,active,"elias.ns.cloudflare.com; ligia.ns.cloudflare.com",2025-07-18T21:20:24.246536Z
iongreatfalls.com,active,"elias.ns.cloudflare.com; ligia.ns.cloudflare.com",2025-07-19T00:50:16.423638Z
iongreece.com,active,"adi.ns.cloudflare.com; andy.ns.cloudflare.com",2025-04-12T12:08:03.406252Z
iongreeley.com,active,"elias.ns.cloudflare.com; ligia.ns.cloudflare.com",2025-07-19T00:50:26.283787Z
iongreenbay.com,active,"elias.ns.cloudflare.com; ligia.ns.cloudflare.com",2025-07-19T01:07:40.389300Z
iongreenland.com,active,"elias.ns.cloudflare.com; ligia.ns.cloudflare.com",2025-07-19T01:07:50.223676Z
iongreenriver.com,active,"elias.ns.cloudflare.com; ligia.ns.cloudflare.com",2025-07-19T01:08:00.054909Z
iongreensboro.com,active,"elias.ns.cloudflare.com; ligia.ns.cloudflare.com",2025-07-19T01:08:09.717701Z
iongreenville.com,active,"adi.ns.cloudflare.com; andy.ns.cloudflare.com",2025-04-12T11:57:23.170087Z
iongresham.com,active,"elias.ns.cloudflare.com; ligia.ns.cloudflare.com",2025-07-19T01:08:20.520728Z
ionguaynabo.com,active,"elias.ns.cloudflare.com; ligia.ns.cloudflare.com",2025-07-19T01:08:30.335548Z
iongulfport.com,active,"elias.ns.cloudflare.com; ligia.ns.cloudflare.com",2025-07-19T01:08:40.357277Z
iongwynnoak.com,active,"elias.ns.cloudflare.com; ligia.ns.cloudflare.com",2025-07-18T21:20:31.566333Z
ionhagerstown.com,active,"elias.ns.cloudflare.com; ligia.ns.cloudflare.com",2025-07-19T01:08:50.333266Z
ionhalethorpe.com,active,"elias.ns.cloudflare.com; ligia.ns.cloudflare.com",2025-07-18T21:20:39.130887Z
ionhalifax.com,active,"elias.ns.cloudflare.com; ligia.ns.cloudflare.com",2025-07-19T01:09:00.164755Z
ionhamden.com,active,"elias.ns.cloudflare.com; ligia.ns.cloudflare.com",2025-07-19T01:09:10.160194Z
ionhamilton.com,active,"elias.ns.cloudflare.com; ligia.ns.cloudflare.com",2025-07-19T01:09:20.229682Z
ionhampton.com,active,"elias.ns.cloudflare.com; ligia.ns.cloudflare.com",2025-07-19T01:09:30.355439Z
ionharrisburg.com,active,"elias.ns.cloudflare.com; ligia.ns.cloudflare.com",2025-07-19T01:13:21.124835Z
ionhartford.com,active,"elias.ns.cloudflare.com; ligia.ns.cloudflare.com",2025-07-19T01:13:30.726303Z
ionhastings.com,active,"elias.ns.cloudflare.com; ligia.ns.cloudflare.com",2025-07-19T01:13:40.267729Z
ionhattiesburg.com,active,"elias.ns.cloudflare.com; ligia.ns.cloudflare.com",2025-07-19T01:13:50.114667Z
ionhavre.com,active,"elias.ns.cloudflare.com; ligia.ns.cloudflare.com",2025-07-19T01:14:00.300137Z
ionhawaii.com,active,"adi.ns.cloudflare.com; andy.ns.cloudflare.com",2025-04-12T11:57:16.377409Z
ionhazelton.com,active,"elias.ns.cloudflare.com; ligia.ns.cloudflare.com",2025-07-19T01:14:10.184955Z
ionhelena.com,active,"elias.ns.cloudflare.com; ligia.ns.cloudflare.com",2025-07-19T01:14:19.767984Z
ionhemet.com,pending,"adi.ns.cloudflare.com; andy.ns.cloudflare.com",2025-07-24T18:26:20.671177Z
ionhenderson.com,active,"elias.ns.cloudflare.com; ligia.ns.cloudflare.com",2025-07-19T01:14:29.679255Z
ionhermosabeach.com,active,"adi.ns.cloudflare.com; andy.ns.cloudflare.com",2025-04-12T11:41:30.364127Z
ionherriman.com,pending,"adi.ns.cloudflare.com; andy.ns.cloudflare.com",2025-07-18T21:20:46.563770Z
ionhialeah.com,active,"elias.ns.cloudflare.com; ligia.ns.cloudflare.com",2025-07-19T01:14:39.214091Z
ionhickory.com,active,"elias.ns.cloudflare.com; ligia.ns.cloudflare.com",2025-07-19T01:14:49.136900Z
ionhighpoint.com,pending,"adi.ns.cloudflare.com; andy.ns.cloudflare.com",2025-07-24T18:26:05.643060Z
ionhillsboro.com,active,"elias.ns.cloudflare.com; ligia.ns.cloudflare.com",2025-07-19T01:14:59.024455Z
ionhilo.com,active,"elias.ns.cloudflare.com; ligia.ns.cloudflare.com",2025-07-19T01:15:14.838074Z
ionhiram.com,active,"elias.ns.cloudflare.com; ligia.ns.cloudflare.com",2025-07-18T21:20:54.091575Z
ionhomestead.com,active,"elias.ns.cloudflare.com; ligia.ns.cloudflare.com",2025-07-19T01:22:50.249131Z
ionhonolulu.com,active,"elias.ns.cloudflare.com; ligia.ns.cloudflare.com",2025-07-19T01:23:00.127840Z
ionhoover.com,active,"elias.ns.cloudflare.com; ligia.ns.cloudflare.com",2025-07-19T01:23:10.031986Z
ionhotsprings.com,active,"elias.ns.cloudflare.com; ligia.ns.cloudflare.com",2025-07-19T01:23:19.726240Z
ionhouma.com,active,"elias.ns.cloudflare.com; ligia.ns.cloudflare.com",2025-07-19T01:23:29.171216Z
ionhoustonchannel.com,active,"elias.ns.cloudflare.com; ligia.ns.cloudflare.com",2025-07-19T01:23:49.732860Z
ionhouston.us,active,"elias.ns.cloudflare.com; ligia.ns.cloudflare.com",2025-07-19T01:23:39.123729Z
ionhudson.com,active,"adi.ns.cloudflare.com; andy.ns.cloudflare.com",2025-04-12T12:29:19.233877Z
ionhuntingtonbeach.com,active,"adi.ns.cloudflare.com; andy.ns.cloudflare.com",2025-04-12T12:28:40.141249Z
ionhuntington.com,active,"elias.ns.cloudflare.com; ligia.ns.cloudflare.com",2025-07-19T01:23:59.992848Z
ionhuntsville.com,active,"elias.ns.cloudflare.com; ligia.ns.cloudflare.com",2025-07-19T01:24:10.073986Z
ionhuntvalley.com,active,"elias.ns.cloudflare.com; ligia.ns.cloudflare.com",2025-07-18T21:21:01.734832Z
ionhuron.com,active,"elias.ns.cloudflare.com; ligia.ns.cloudflare.com",2025-07-19T01:24:20.257760Z
ionhydes.com,active,"elias.ns.cloudflare.com; ligia.ns.cloudflare.com",2025-07-18T21:21:08.974908Z
ioniceland.com,active,"adi.ns.cloudflare.com; andy.ns.cloudflare.com",2025-04-12T12:07:56.456982Z
ionidaho.com,active,"adi.ns.cloudflare.com; andy.ns.cloudflare.com",2025-04-12T11:57:09.627501Z
ionidahofalls.com,active,"elias.ns.cloudflare.com; ligia.ns.cloudflare.com",2025-07-19T01:24:29.828660Z
ionillinois.com,active,"adi.ns.cloudflare.com; andy.ns.cloudflare.com",2025-04-12T11:57:30.711390Z
ioninclinevillage.com,active,"elias.ns.cloudflare.com; ligia.ns.cloudflare.com",2025-07-18T21:21:16.244316Z
ionindependence.com,active,"elias.ns.cloudflare.com; ligia.ns.cloudflare.com",2025-07-18T21:21:23.700011Z
ionindiana.com,active,"adi.ns.cloudflare.com; andy.ns.cloudflare.com",2025-04-12T12:28:29.368811Z
ionindianapolis.com,active,"adi.ns.cloudflare.com; andy.ns.cloudflare.com",2025-04-12T12:29:22.991445Z
ionindianhill.com,active,"elias.ns.cloudflare.com; ligia.ns.cloudflare.com",2025-07-18T21:33:39.264202Z
ionindianhills.com,active,"elias.ns.cloudflare.com; ligia.ns.cloudflare.com",2025-07-18T21:33:46.771698Z
ionindio.com,active,"elias.ns.cloudflare.com; ligia.ns.cloudflare.com",2025-07-19T01:24:39.302784Z
ioniowacity.com,active,"elias.ns.cloudflare.com; ligia.ns.cloudflare.com",2025-07-19T01:24:48.920476Z
ioniowa.com,active,"adi.ns.cloudflare.com; andy.ns.cloudflare.com",2025-04-12T12:09:29.601178Z
ionirvine.com,active,"adi.ns.cloudflare.com; andy.ns.cloudflare.com",2025-04-13T01:00:42.991975Z
ionirving.com,active,"elias.ns.cloudflare.com; ligia.ns.cloudflare.com",2025-07-19T01:26:07.550580Z
ionjackson.com,active,"elias.ns.cloudflare.com; ligia.ns.cloudflare.com",2025-07-19T01:26:17.507227Z
ionjacksonville.com,active,"adi.ns.cloudflare.com; andy.ns.cloudflare.com",2025-04-12T12:29:26.277638Z
ionjamaica.com,active,"elias.ns.cloudflare.com; ligia.ns.cloudflare.com",2025-07-19T01:26:27.272901Z
ionjamestown.com,active,"elias.ns.cloudflare.com; ligia.ns.cloudflare.com",2025-07-19T01:26:37.144688Z
ionjasper.com,active,"elias.ns.cloudflare.com; ligia.ns.cloudflare.com",2025-07-18T21:33:54.569330Z
ionjerseycity.com,active,"elias.ns.cloudflare.com; ligia.ns.cloudflare.com",2025-07-19T01:26:46.985016Z
ionjohnscreek.com,active,"elias.ns.cloudflare.com; ligia.ns.cloudflare.com",2025-07-18T21:34:02.054305Z
ionjohnsoncity.com,active,"elias.ns.cloudflare.com; ligia.ns.cloudflare.com",2025-07-19T01:26:56.839795Z
ionjohnsonlane.com,active,"elias.ns.cloudflare.com; ligia.ns.cloudflare.com",2025-07-18T21:34:10.056823Z
ionjoliet.com,active,"elias.ns.cloudflare.com; ligia.ns.cloudflare.com",2025-07-19T01:27:06.489002Z
ionjonesboro.com,active,"elias.ns.cloudflare.com; ligia.ns.cloudflare.com",2025-07-19T01:27:16.662077Z
ionjoplin.com,active,"elias.ns.cloudflare.com; ligia.ns.cloudflare.com",2025-07-19T01:27:26.351990Z
ionjupiter.com,active,"elias.ns.cloudflare.com; ligia.ns.cloudflare.com",2025-07-19T01:27:36.407365Z
ionkahului.com,active,"elias.ns.cloudflare.com; ligia.ns.cloudflare.com",2025-07-19T01:27:46.497188Z
ionkailua.com,active,"elias.ns.cloudflare.com; ligia.ns.cloudflare.com",2025-07-19T01:27:56.365501Z
ionkalamazoo.com,active,"elias.ns.cloudflare.com; ligia.ns.cloudflare.com",2025-07-19T01:29:46.543462Z
ionkalispell.com,active,"elias.ns.cloudflare.com; ligia.ns.cloudflare.com",2025-07-19T01:29:56.331733Z
ionkaneohe.com,active,"elias.ns.cloudflare.com; ligia.ns.cloudflare.com",2025-07-19T01:30:08.072854Z
ionkansascity.com,active,"adi.ns.cloudflare.com; andy.ns.cloudflare.com",2025-04-12T11:56:55.356436Z
ionkauai.com,active,"elias.ns.cloudflare.com; ligia.ns.cloudflare.com",2025-07-19T01:30:18.099829Z
ionkearney.com,active,"elias.ns.cloudflare.com; ligia.ns.cloudflare.com",2025-07-19T01:30:27.963785Z
ionkeene.com,active,"elias.ns.cloudflare.com; ligia.ns.cloudflare.com",2025-07-19T01:30:37.593072Z
ionkennesaw.com,active,"elias.ns.cloudflare.com; ligia.ns.cloudflare.com",2025-07-18T21:34:17.225711Z
ionkennewick.com,active,"elias.ns.cloudflare.com; ligia.ns.cloudflare.com",2025-07-19T01:30:47.123744Z
ionkenosha.com,active,"elias.ns.cloudflare.com; ligia.ns.cloudflare.com",2025-07-19T01:30:56.864641Z
ionkentucky.com,active,"adi.ns.cloudflare.com; andy.ns.cloudflare.com",2025-04-12T12:08:32.534082Z
ionketchikan.com,active,"elias.ns.cloudflare.com; ligia.ns.cloudflare.com",2025-07-19T01:31:06.896293Z
ionkilleen.com,active,"elias.ns.cloudflare.com; ligia.ns.cloudflare.com",2025-07-19T01:31:16.859566Z
ionkingofprussia.com,active,"elias.ns.cloudflare.com; ligia.ns.cloudflare.com",2025-07-19T01:31:26.764486Z
ionkingsbeach.com,active,"elias.ns.cloudflare.com; ligia.ns.cloudflare.com",2025-07-18T21:34:24.533956Z
ionkingsbury.com,active,"elias.ns.cloudflare.com; ligia.ns.cloudflare.com",2025-07-18T21:34:32.148830Z
ionkingsland.com,active,"elias.ns.cloudflare.com; ligia.ns.cloudflare.com",2025-07-18T21:34:39.622843Z
ionkingsport.com,active,"elias.ns.cloudflare.com; ligia.ns.cloudflare.com",2025-07-19T01:32:27.310780Z
ionkingsville.com,active,"elias.ns.cloudflare.com; ligia.ns.cloudflare.com",2025-07-18T21:34:47.418217Z
ionkissimmee.com,active,"elias.ns.cloudflare.com; ligia.ns.cloudflare.com",2025-07-19T01:32:37.221011Z
ionkitchener.com,active,"elias.ns.cloudflare.com; ligia.ns.cloudflare.com",2025-07-19T01:32:46.860370Z
ionknik-fairview.com,active,"elias.ns.cloudflare.com; ligia.ns.cloudflare.com",2025-07-19T01:32:56.792956Z
ionknoxville.com,active,"elias.ns.cloudflare.com; ligia.ns.cloudflare.com",2025-07-19T01:33:06.541824Z
ionkodiak.com,active,"elias.ns.cloudflare.com; ligia.ns.cloudflare.com",2025-07-19T01:33:16.583460Z
ionla.com,active,"elias.ns.cloudflare.com; ligia.ns.cloudflare.com",2025-07-19T01:33:26.850324Z
ionlaconia.com,active,"elias.ns.cloudflare.com; ligia.ns.cloudflare.com",2025-07-19T01:33:36.612909Z
ionlafayette.com,active,"elias.ns.cloudflare.com; ligia.ns.cloudflare.com",2025-07-19T01:33:46.383321Z
ionlafayettepark.com,active,"elias.ns.cloudflare.com; ligia.ns.cloudflare.com",2025-07-19T01:33:56.167939Z
ionlagunabeach.com,active,"elias.ns.cloudflare.com; ligia.ns.cloudflare.com",2025-07-19T01:34:06.059842Z
ionlagunaniguel.com,active,"elias.ns.cloudflare.com; ligia.ns.cloudflare.com",2025-07-19T01:34:15.914172Z
ionlajolla.com,active,"elias.ns.cloudflare.com; ligia.ns.cloudflare.com",2025-07-19T01:34:25.387743Z
ionlakecharles.com,active,"elias.ns.cloudflare.com; ligia.ns.cloudflare.com",2025-07-19T04:28:41.697969Z
ionlakeland.com,active,"elias.ns.cloudflare.com; ligia.ns.cloudflare.com",2025-07-19T04:28:51.774889Z
ionlakelotawana.com,active,"elias.ns.cloudflare.com; ligia.ns.cloudflare.com",2025-07-18T21:34:54.976183Z
ionlakequivira.com,active,"elias.ns.cloudflare.com; ligia.ns.cloudflare.com",2025-07-18T21:35:02.508488Z
ionlakewinnebago.com,active,"elias.ns.cloudflare.com; ligia.ns.cloudflare.com",2025-07-18T21:35:13.236305Z
ionlakewood.com,active,"elias.ns.cloudflare.com; ligia.ns.cloudflare.com",2025-07-19T04:29:01.609472Z
ionlancaster.com,active,"elias.ns.cloudflare.com; ligia.ns.cloudflare.com",2025-07-19T04:29:11.934549Z
ionland.org,active,"elias.ns.cloudflare.com; ligia.ns.cloudflare.com",2025-07-19T04:29:21.439559Z
ionlansing.com,active,"elias.ns.cloudflare.com; ligia.ns.cloudflare.com",2025-07-18T21:35:20.582927Z
ionlaramie.com,active,"elias.ns.cloudflare.com; ligia.ns.cloudflare.com",2025-07-19T04:29:31.414558Z
ionlaredo.com,active,"elias.ns.cloudflare.com; ligia.ns.cloudflare.com",2025-07-19T04:29:40.997332Z
ionlascruces.com,active,"elias.ns.cloudflare.com; ligia.ns.cloudflare.com",2025-07-19T04:29:50.607638Z
ionlasvegas.com,active,"adi.ns.cloudflare.com; andy.ns.cloudflare.com",2025-04-12T10:26:06.357489Z
ionlauderhill.com,active,"elias.ns.cloudflare.com; ligia.ns.cloudflare.com",2025-07-19T04:30:00.255509Z
ionlaval.com,active,"elias.ns.cloudflare.com; ligia.ns.cloudflare.com",2025-07-19T04:30:14.403303Z
ionlawrence.com,active,"elias.ns.cloudflare.com; ligia.ns.cloudflare.com",2025-07-19T04:30:24.247140Z
ionlawrenceville.com,active,"elias.ns.cloudflare.com; ligia.ns.cloudflare.com",2025-07-18T21:35:28.083077Z
ionlawton.com,active,"elias.ns.cloudflare.com; ligia.ns.cloudflare.com",2025-07-19T04:30:34.402353Z
ionlayton.com,active,"elias.ns.cloudflare.com; ligia.ns.cloudflare.com",2025-07-18T21:35:35.451703Z
ionleavenworth.com,active,"elias.ns.cloudflare.com; ligia.ns.cloudflare.com",2025-07-18T21:39:44.513834Z
ionleawood.com,active,"elias.ns.cloudflare.com; ligia.ns.cloudflare.com",2025-07-18T21:40:16.417446Z
ionlebanon.com,active,"elias.ns.cloudflare.com; ligia.ns.cloudflare.com",2025-07-19T04:31:23.434232Z
ionleesburg.com,active,"elias.ns.cloudflare.com; ligia.ns.cloudflare.com",2025-07-19T04:31:33.767128Z
ionleessummit.com,active,"elias.ns.cloudflare.com; ligia.ns.cloudflare.com",2025-07-18T21:40:26.013805Z
ionlehi.com,pending,"adi.ns.cloudflare.com; andy.ns.cloudflare.com",2025-07-18T21:40:35.991242Z
ionlenexa.com,active,"adi.ns.cloudflare.com; andy.ns.cloudflare.com",2025-07-18T21:40:45.635142Z
ionleominster.com,active,"elias.ns.cloudflare.com; ligia.ns.cloudflare.com",2025-07-19T04:31:43.697634Z
ionleucadia.com,active,"elias.ns.cloudflare.com; ligia.ns.cloudflare.com",2025-07-19T04:31:53.402822Z
ionlevittown.com,active,"elias.ns.cloudflare.com; ligia.ns.cloudflare.com",2025-07-19T04:32:03.263468Z
ionlewes.com,active,"elias.ns.cloudflare.com; ligia.ns.cloudflare.com",2025-07-19T04:32:13.214170Z
ionlewiston.com,active,"elias.ns.cloudflare.com; ligia.ns.cloudflare.com",2025-07-19T19:14:42.557898Z
ionlexington.com,active,"elias.ns.cloudflare.com; ligia.ns.cloudflare.com",2025-07-19T19:14:57.505059Z
ionliberty.com,pending,"adi.ns.cloudflare.com; andy.ns.cloudflare.com",2025-07-18T21:40:55.162825Z
ionlilburn.com,active,"adi.ns.cloudflare.com; andy.ns.cloudflare.com",2025-07-18T21:41:04.970817Z
ionlincoln.com,active,"elias.ns.cloudflare.com; ligia.ns.cloudflare.com",2025-07-19T19:15:15.342757Z
ionlinwood.com,active,"adi.ns.cloudflare.com; andy.ns.cloudflare.com",2025-07-18T21:41:14.580305Z
ionlithonia.com,active,"adi.ns.cloudflare.com; andy.ns.cloudflare.com",2025-07-18T21:41:24.426513Z
ionlittlerock.com,active,"elias.ns.cloudflare.com; ligia.ns.cloudflare.com",2025-07-19T19:15:32.218742Z
ionlivermore.com,active,"elias.ns.cloudflare.com; ligia.ns.cloudflare.com",2025-07-19T19:15:47.783791Z
ionlogan.com,active,"elias.ns.cloudflare.com; ligia.ns.cloudflare.com",2025-07-19T19:16:02.761393Z
ionlongbeach.com,active,"adi.ns.cloudflare.com; andy.ns.cloudflare.com",2025-04-12T12:28:22.483891Z
ionlongueuil.com,active,"elias.ns.cloudflare.com; ligia.ns.cloudflare.com",2025-07-19T19:16:18.115204Z
ionlorain.com,active,"elias.ns.cloudflare.com; ligia.ns.cloudflare.com",2025-07-19T19:16:33.598521Z
ionlosangeles.com,active,"adi.ns.cloudflare.com; andy.ns.cloudflare.com",2025-04-12T11:41:36.831590Z
ionloslunas.com,active,"elias.ns.cloudflare.com; ligia.ns.cloudflare.com",2025-07-19T19:20:50.172245Z
ionlouisiana.com,active,"adi.ns.cloudflare.com; andy.ns.cloudflare.com",2025-04-12T12:09:07.973337Z
ionlouisville.com,active,"elias.ns.cloudflare.com; ligia.ns.cloudflare.com",2025-07-19T19:21:05.438005Z
ionlovejoy.com,active,"elias.ns.cloudflare.com; ligia.ns.cloudflare.com",2025-07-18T21:41:34.224736Z
ionloveland.com,active,"elias.ns.cloudflare.com; ligia.ns.cloudflare.com",2025-07-18T21:41:43.834195Z
ionlowell.com,active,"elias.ns.cloudflare.com; ligia.ns.cloudflare.com",2025-07-19T19:21:20.478604Z
ionlubbock.com,active,"elias.ns.cloudflare.com; ligia.ns.cloudflare.com",2025-07-19T19:21:35.778476Z
ionluthervilletimonium.com,pending,"adi.ns.cloudflare.com; andy.ns.cloudflare.com",2025-07-18T21:41:54.203143Z
ionlynchburg.com,active,"elias.ns.cloudflare.com; ligia.ns.cloudflare.com",2025-07-19T19:21:51.079442Z
ionmableton.com,active,"adi.ns.cloudflare.com; andy.ns.cloudflare.com",2025-07-18T21:42:03.856562Z
ionmacedonia.com,active,"elias.ns.cloudflare.com; ligia.ns.cloudflare.com",2025-07-19T19:22:06.209972Z
ionmacon.com,active,"adi.ns.cloudflare.com; andy.ns.cloudflare.com",2025-07-18T21:42:13.001642Z
ionmadison.com,active,"elias.ns.cloudflare.com; ligia.ns.cloudflare.com",2025-07-19T19:22:21.389463Z
ionmadisonville.com,active,"adi.ns.cloudflare.com; andy.ns.cloudflare.com",2025-07-18T21:44:55.321862Z
ionmaine.org,active,"adi.ns.cloudflare.com; andy.ns.cloudflare.com",2025-04-12T12:28:46.723031Z
ionmalibu.com,active,"elias.ns.cloudflare.com; ligia.ns.cloudflare.com",2025-07-19T19:22:36.509689Z
ionmammoth.com,active,"elias.ns.cloudflare.com; ligia.ns.cloudflare.com",2025-07-19T19:34:19.935911Z
ionmanchester.com,active,"elias.ns.cloudflare.com; ligia.ns.cloudflare.com",2025-07-19T19:34:35.939792Z
ionmandan.com,active,"elias.ns.cloudflare.com; ligia.ns.cloudflare.com",2025-07-19T19:34:50.825121Z
ionmandeville.com,active,"elias.ns.cloudflare.com; ligia.ns.cloudflare.com",2025-07-19T19:35:06.371095Z
ionmanhattanbeach.com,active,"adi.ns.cloudflare.com; andy.ns.cloudflare.com",2025-04-12T10:26:08.201391Z
ionmanhattan.com,active,"elias.ns.cloudflare.com; ligia.ns.cloudflare.com",2025-07-19T19:35:22.386458Z
ionmaplegrove.com,active,"elias.ns.cloudflare.com; ligia.ns.cloudflare.com",2025-07-20T02:04:55.099102Z
ionmarcoisland.com,active,"elias.ns.cloudflare.com; ligia.ns.cloudflare.com",2025-07-20T02:05:10.515451Z
ionmargate.com,active,"elias.ns.cloudflare.com; ligia.ns.cloudflare.com",2025-07-20T02:05:25.599931Z
ionmarietta.com,active,"elias.ns.cloudflare.com; ligia.ns.cloudflare.com",2025-07-18T21:46:44.438458Z
ionmarkham.com,active,"elias.ns.cloudflare.com; ligia.ns.cloudflare.com",2025-07-20T02:05:41.131554Z
ionmarysville.com,active,"elias.ns.cloudflare.com; ligia.ns.cloudflare.com",2025-07-20T02:05:56.353974Z
ionmason.com,active,"elias.ns.cloudflare.com; ligia.ns.cloudflare.com",2025-07-20T02:06:11.300231Z
ionmaui.com,active,"adi.ns.cloudflare.com; andy.ns.cloudflare.com",2025-04-12T12:29:01.321367Z
ionmauldin.com,active,"elias.ns.cloudflare.com; ligia.ns.cloudflare.com",2025-07-20T02:06:26.853935Z
ionmcallen.com,active,"elias.ns.cloudflare.com; ligia.ns.cloudflare.com",2025-07-20T02:06:42.160459Z
ionmckinney.com,active,"elias.ns.cloudflare.com; ligia.ns.cloudflare.com",2025-07-20T02:16:21.626568Z
ionmechanicsville.com,active,"elias.ns.cloudflare.com; ligia.ns.cloudflare.com",2025-07-20T02:16:36.926425Z
ionmedford.com,active,"elias.ns.cloudflare.com; ligia.ns.cloudflare.com",2025-07-20T02:16:52.341803Z
ionmelbourne.com,active,"elias.ns.cloudflare.com; ligia.ns.cloudflare.com",2025-07-20T02:17:07.754765Z
ionmemphis.com,active,"elias.ns.cloudflare.com; ligia.ns.cloudflare.com",2025-07-20T02:17:23.445068Z
ionmerced.com,active,"elias.ns.cloudflare.com; ligia.ns.cloudflare.com",2025-07-20T02:17:38.576916Z
ionmeriden.com,active,"elias.ns.cloudflare.com; ligia.ns.cloudflare.com",2025-07-20T02:17:53.746226Z
ionmeridian.com,active,"elias.ns.cloudflare.com; ligia.ns.cloudflare.com",2025-07-20T02:18:09.536147Z
ionmerriam.com,active,"elias.ns.cloudflare.com; ligia.ns.cloudflare.com",2025-07-18T21:46:54.004679Z
ionmesa.com,active,"elias.ns.cloudflare.com; ligia.ns.cloudflare.com",2025-07-20T02:18:46.089094Z
ionmetairie.com,active,"elias.ns.cloudflare.com; ligia.ns.cloudflare.com",2025-07-20T02:19:04.284535Z
ionmiamibeach.com,active,"elias.ns.cloudflare.com; ligia.ns.cloudflare.com",2025-07-20T02:19:19.603042Z
ionmiami.com,active,"adi.ns.cloudflare.com; andy.ns.cloudflare.com",2025-04-12T11:56:30.392812Z
ionmiamigardens.com,active,"elias.ns.cloudflare.com; ligia.ns.cloudflare.com",2025-07-20T02:19:35.023109Z
ionmichigan.com,active,"adi.ns.cloudflare.com; andy.ns.cloudflare.com",2025-04-12T11:57:06.281972Z
ionmiddlebury.com,active,"elias.ns.cloudflare.com; ligia.ns.cloudflare.com",2025-07-20T02:19:50.369189Z
ionmiddleriver.com,active,"elias.ns.cloudflare.com; ligia.ns.cloudflare.com",2025-07-18T21:47:03.631615Z
ionmidwestcity.com,active,"elias.ns.cloudflare.com; ligia.ns.cloudflare.com",2025-07-20T04:09:01.452439Z
ionmilescity.com,active,"elias.ns.cloudflare.com; ligia.ns.cloudflare.com",2025-07-20T04:09:17.602260Z
ionmilford.com,active,"elias.ns.cloudflare.com; ligia.ns.cloudflare.com",2025-07-18T21:47:13.757573Z
ionmililanitown.com,active,"elias.ns.cloudflare.com; ligia.ns.cloudflare.com",2025-07-20T04:09:32.946642Z
ionmilk.com,active,"elias.ns.cloudflare.com; ligia.ns.cloudflare.com",2025-07-20T04:09:48.274140Z
ionmillcreek.com,pending,"adi.ns.cloudflare.com; andy.ns.cloudflare.com",2025-07-18T21:47:24.308126Z
ionmilton.com,active,"adi.ns.cloudflare.com; andy.ns.cloudflare.com",2025-07-18T21:47:34.579563Z
ionmilwaukee.com,active,"elias.ns.cloudflare.com; ligia.ns.cloudflare.com",2025-07-20T04:10:04.383936Z
ionminden.com,active,"adi.ns.cloudflare.com; andy.ns.cloudflare.com",2025-07-18T21:47:44.354505Z
ionminneapolis.com,active,"adi.ns.cloudflare.com; andy.ns.cloudflare.com",2025-04-12T12:29:29.597646Z
ionminnesota.com,active,"adi.ns.cloudflare.com; andy.ns.cloudflare.com",2025-04-12T11:57:19.824308Z
ionminot.com,active,"elias.ns.cloudflare.com; ligia.ns.cloudflare.com",2025-07-20T04:10:21.845889Z
ionmiramar.com,active,"elias.ns.cloudflare.com; ligia.ns.cloudflare.com",2025-07-20T04:10:37.394304Z
ionmissionbeach.com,active,"elias.ns.cloudflare.com; ligia.ns.cloudflare.com",2025-07-20T04:10:52.511198Z
ionmission.com,active,"adi.ns.cloudflare.com; andy.ns.cloudflare.com",2025-07-18T21:47:54.099351Z
ionmissionhills.com,active,"adi.ns.cloudflare.com; andy.ns.cloudflare.com",2025-07-18T21:48:03.471256Z
ionmissionviejo.com,active,"elias.ns.cloudflare.com; ligia.ns.cloudflare.com",2025-07-20T04:11:44.199860Z
ionmissionwoods.com,active,"adi.ns.cloudflare.com; andy.ns.cloudflare.com",2025-07-18T21:48:13.648405Z
ionmississauga.com,active,"elias.ns.cloudflare.com; ligia.ns.cloudflare.com",2025-07-20T04:11:59.553235Z
ionmississippi.com,active,"adi.ns.cloudflare.com; andy.ns.cloudflare.com",2025-04-12T11:57:13.010549Z
ionmissoula.com,active,"elias.ns.cloudflare.com; ligia.ns.cloudflare.com",2025-07-20T04:12:14.981423Z
ionmissouri.com,active,"adi.ns.cloudflare.com; andy.ns.cloudflare.com",2025-04-12T12:28:33.122830Z
ionmitchell.com,active,"elias.ns.cloudflare.com; ligia.ns.cloudflare.com",2025-07-20T04:12:30.109297Z
ionmobile.org,active,"elias.ns.cloudflare.com; ligia.ns.cloudflare.com",2025-07-20T04:12:45.611657Z
ionmodesto.com,active,"elias.ns.cloudflare.com; ligia.ns.cloudflare.com",2025-07-20T04:13:00.655819Z
ionmogul.com,active,"adi.ns.cloudflare.com; andy.ns.cloudflare.com",2025-07-18T21:48:23.233626Z
ionmolokai.com,active,"elias.ns.cloudflare.com; ligia.ns.cloudflare.com",2025-07-20T04:13:16.362595Z
ionmonkton.com,active,"adi.ns.cloudflare.com; andy.ns.cloudflare.com",2025-07-18T21:48:32.727444Z
ionmonroe.com,active,"elias.ns.cloudflare.com; ligia.ns.cloudflare.com",2025-07-20T04:13:31.654921Z
ionmontana.com,active,"adi.ns.cloudflare.com; andy.ns.cloudflare.com",2025-04-12T12:08:17.981549Z
ionmonterey.com,active,"elias.ns.cloudflare.com; ligia.ns.cloudflare.com",2025-07-20T04:14:04.297402Z
ionmontgomery.com,active,"elias.ns.cloudflare.com; ligia.ns.cloudflare.com",2025-07-20T04:14:19.423709Z
ionmontpelier.com,active,"elias.ns.cloudflare.com; ligia.ns.cloudflare.com",2025-07-20T04:14:34.999076Z
ionmontreal.com,active,"elias.ns.cloudflare.com; ligia.ns.cloudflare.com",2025-07-20T04:14:50.125018Z
ionmontville.com,active,"elias.ns.cloudflare.com; ligia.ns.cloudflare.com",2025-07-20T04:15:05.589426Z
ionmoore.com,active,"elias.ns.cloudflare.com; ligia.ns.cloudflare.com",2025-07-20T04:18:53.479707Z
ionmoraga.com,active,"elias.ns.cloudflare.com; ligia.ns.cloudflare.com",2025-07-20T04:19:08.446518Z
ionmorenovalley.com,active,"elias.ns.cloudflare.com; ligia.ns.cloudflare.com",2025-07-20T04:19:23.997318Z
ionmorgan.com,active,"elias.ns.cloudflare.com; ligia.ns.cloudflare.com",2025-07-20T04:19:39.215963Z
ionmorgantown.com,active,"elias.ns.cloudflare.com; ligia.ns.cloudflare.com",2025-07-20T04:19:54.780877Z
ionmoscow.com,active,"elias.ns.cloudflare.com; ligia.ns.cloudflare.com",2025-07-20T04:20:10.460561Z
ionmountairy.com,active,"adi.ns.cloudflare.com; andy.ns.cloudflare.com",2025-07-18T21:48:43.177639Z
ionmountpleasant.com,active,"elias.ns.cloudflare.com; ligia.ns.cloudflare.com",2025-07-20T04:20:26.100022Z
ionmurfreesboro.com,active,"elias.ns.cloudflare.com; ligia.ns.cloudflare.com",2025-07-20T04:20:41.747617Z
ionmurray.com,active,"adi.ns.cloudflare.com; andy.ns.cloudflare.com",2025-07-18T21:50:33.508941Z
ionmurrieta.com,active,"elias.ns.cloudflare.com; ligia.ns.cloudflare.com",2025-07-20T04:25:22.406826Z
ionmuskegon.com,active,"elias.ns.cloudflare.com; ligia.ns.cloudflare.com",2025-07-20T04:25:37.807464Z
ionmyrtlebeach.com,active,"elias.ns.cloudflare.com; ligia.ns.cloudflare.com",2025-07-20T04:25:53.248942Z
ionnampa.com,active,"elias.ns.cloudflare.com; ligia.ns.cloudflare.com",2025-07-20T04:26:08.283481Z
ionnapa.com,active,"elias.ns.cloudflare.com; ligia.ns.cloudflare.com",2025-07-20T04:26:23.637602Z
ionnaperville.com,active,"elias.ns.cloudflare.com; ligia.ns.cloudflare.com",2025-07-20T04:26:38.647201Z
ionnashua.com,active,"elias.ns.cloudflare.com; ligia.ns.cloudflare.com",2025-07-20T04:26:54.215482Z
ionnashville.com,active,"adi.ns.cloudflare.com; andy.ns.cloudflare.com",2025-04-12T11:41:35.259318Z
ionnaugatuck.com,active,"elias.ns.cloudflare.com; ligia.ns.cloudflare.com",2025-07-20T04:27:09.214873Z
ionnebraska.com,active,"adi.ns.cloudflare.com; andy.ns.cloudflare.com",2025-04-12T12:08:07.291686Z
ionnewark.com,active,"elias.ns.cloudflare.com; ligia.ns.cloudflare.com",2025-07-20T04:31:38.226197Z
ionnewbedford.com,active,"elias.ns.cloudflare.com; ligia.ns.cloudflare.com",2025-07-20T04:31:53.368504Z
ionnewbern.com,active,"elias.ns.cloudflare.com; ligia.ns.cloudflare.com",2025-07-20T04:32:08.756780Z
ionnewbritain.com,active,"elias.ns.cloudflare.com; ligia.ns.cloudflare.com",2025-07-20T04:32:24.043867Z
ionnewbrunswick.com,active,"elias.ns.cloudflare.com; ligia.ns.cloudflare.com",2025-07-20T04:32:39.429020Z
ionnewhaven.com,active,"adi.ns.cloudflare.com; andy.ns.cloudflare.com",2025-07-20T04:55:38.396041Z
ionnewjersey.com,active,"elias.ns.cloudflare.com; ligia.ns.cloudflare.com",2025-07-24T15:18:59.915716Z
ionnewmexico.com,active,"adi.ns.cloudflare.com; andy.ns.cloudflare.com",2025-04-13T00:59:40.981907Z
ionnewnan.com,active,"adi.ns.cloudflare.com; andy.ns.cloudflare.com",2025-07-18T21:50:42.872700Z
ionneworleans.com,active,"adi.ns.cloudflare.com; andy.ns.cloudflare.com",2025-07-20T04:55:54.175907Z
ionnewportbeach.com,active,"adi.ns.cloudflare.com; andy.ns.cloudflare.com",2025-04-12T11:56:34.035467Z
ionnewport.com,active,"adi.ns.cloudflare.com; andy.ns.cloudflare.com",2025-04-12T12:29:33.275794Z
ionnewporteast.com,active,"adi.ns.cloudflare.com; andy.ns.cloudflare.com",2025-07-20T04:56:10.574205Z
ionnewportnews.com,active,"adi.ns.cloudflare.com; andy.ns.cloudflare.com",2025-07-20T04:56:25.878597Z
ionnewyork.com,active,"adi.ns.cloudflare.com; andy.ns.cloudflare.com",2025-04-12T10:26:07.253160Z
ionnorco.com,active,"adi.ns.cloudflare.com; andy.ns.cloudflare.com",2025-07-20T04:56:41.232283Z
ionnorcross.com,active,"adi.ns.cloudflare.com; andy.ns.cloudflare.com",2025-07-18T21:50:53.809728Z
ionnorfolk.com,active,"adi.ns.cloudflare.com; andy.ns.cloudflare.com",2025-07-20T04:56:59.428217Z
ionnorman.com,active,"adi.ns.cloudflare.com; andy.ns.cloudflare.com",2025-07-20T04:58:58.130741Z
ionnorthcarolina.com,active,"adi.ns.cloudflare.com; andy.ns.cloudflare.com",2025-07-20T04:59:13.375749Z
ionnorthcharleston.com,active,"adi.ns.cloudflare.com; andy.ns.cloudflare.com",2025-07-20T04:59:28.807128Z
ionnorthdakota.com,active,"adi.ns.cloudflare.com; andy.ns.cloudflare.com",2025-04-13T00:59:45.522511Z
ionnorthkansascity.com,active,"adi.ns.cloudflare.com; andy.ns.cloudflare.com",2025-07-18T21:51:04.935237Z
ionnorthlasvegas.com,active,"elias.ns.cloudflare.com; ligia.ns.cloudflare.com",2025-07-20T05:03:21.458426Z
ionnorthlittlerock.com,active,"elias.ns.cloudflare.com; ligia.ns.cloudflare.com",2025-07-20T09:29:51.657387Z
ionnorthmiami.com,active,"elias.ns.cloudflare.com; ligia.ns.cloudflare.com",2025-07-20T09:28:54.497034Z
ionnorthplatte.com,active,"elias.ns.cloudflare.com; ligia.ns.cloudflare.com",2025-07-20T09:30:08.026241Z
ionnorthport.com,active,"elias.ns.cloudflare.com; ligia.ns.cloudflare.com",2025-07-20T09:30:23.793825Z
ionnorthridge.com,active,"elias.ns.cloudflare.com; ligia.ns.cloudflare.com",2025-07-20T09:29:13.494966Z
ionnorwalk.com,active,"elias.ns.cloudflare.com; ligia.ns.cloudflare.com",2025-07-20T05:35:44.156101Z
ionnorwich.com,active,"elias.ns.cloudflare.com; ligia.ns.cloudflare.com",2025-07-20T05:36:04.220324Z
ionnorwood.com,active,"elias.ns.cloudflare.com; ligia.ns.cloudflare.com",2025-07-18T21:51:15.681117Z
ionnotredame.com,active,"elias.ns.cloudflare.com; ligia.ns.cloudflare.com",2025-07-20T09:38:34.892923Z
ionnottingham.com,active,"elias.ns.cloudflare.com; ligia.ns.cloudflare.com",2025-07-18T21:51:27.009861Z
ionnovascotia.com,active,"elias.ns.cloudflare.com; ligia.ns.cloudflare.com",2025-07-24T15:49:39.538972Z
ionoahu.com,active,"elias.ns.cloudflare.com; ligia.ns.cloudflare.com",2025-07-20T04:39:33.814986Z
ionoakland.com,active,"adi.ns.cloudflare.com; andy.ns.cloudflare.com",2025-04-12T12:09:22.807193Z
ionoakley.com,active,"adi.ns.cloudflare.com; andy.ns.cloudflare.com",2025-04-12T12:28:57.699578Z
ionoakview.com,active,"elias.ns.cloudflare.com; ligia.ns.cloudflare.com",2025-07-18T21:51:39.207965Z
ionoakville.com,active,"elias.ns.cloudflare.com; ligia.ns.cloudflare.com",2025-07-20T04:39:49.342562Z
ionoceanside.com,active,"elias.ns.cloudflare.com; ligia.ns.cloudflare.com",2025-07-20T04:40:05.908308Z
ionoceanview.com,active,"elias.ns.cloudflare.com; ligia.ns.cloudflare.com",2025-07-20T04:40:22.153780Z
ionogden.com,active,"elias.ns.cloudflare.com; ligia.ns.cloudflare.com",2025-07-20T04:40:37.120410Z
ionohio.com,active,"adi.ns.cloudflare.com; andy.ns.cloudflare.com",2025-04-12T12:08:35.879896Z
ionoklahomacity.com,active,"elias.ns.cloudflare.com; ligia.ns.cloudflare.com",2025-07-20T09:39:05.935728Z
ionoklahoma.org,active,"elias.ns.cloudflare.com; ligia.ns.cloudflare.com",2025-07-20T09:38:49.563718Z
ionolathe.com,active,"elias.ns.cloudflare.com; ligia.ns.cloudflare.com",2025-07-18T21:51:51.114343Z
ionolivebranch.com,active,"elias.ns.cloudflare.com; ligia.ns.cloudflare.com",2025-07-20T09:39:21.065487Z
ionolympia.com,active,"adi.ns.cloudflare.com; andy.ns.cloudflare.com",2025-07-20T04:55:06.681616Z
ionomaha.com,active,"adi.ns.cloudflare.com; andy.ns.cloudflare.com",2025-04-12T12:08:39.648166Z
ionontario.com,active,"adi.ns.cloudflare.com; andy.ns.cloudflare.com",2025-07-20T04:55:22.956996Z
ionorem.com,active,"elias.ns.cloudflare.com; ligia.ns.cloudflare.com",2025-07-20T04:40:52.106211Z
ionorland.com,active,"elias.ns.cloudflare.com; ligia.ns.cloudflare.com",2025-07-20T05:36:23.842413Z
ionosborn.com,active,"elias.ns.cloudflare.com; ligia.ns.cloudflare.com",2025-07-18T21:52:04.107791Z
ionoshkosh.com,active,"elias.ns.cloudflare.com; ligia.ns.cloudflare.com",2025-07-20T09:39:36.050978Z
ionottawa.com,active,"adi.ns.cloudflare.com; andy.ns.cloudflare.com",2025-04-12T12:29:36.659638Z
ionoverlandpark.com,active,"elias.ns.cloudflare.com; ligia.ns.cloudflare.com",2025-07-18T21:52:13.990172Z
ionowensboro.com,active,"elias.ns.cloudflare.com; ligia.ns.cloudflare.com",2025-07-20T09:39:50.794869Z
ionowingsmills.com,active,"elias.ns.cloudflare.com; ligia.ns.cloudflare.com",2025-07-18T21:52:23.664452Z
ionoxford.com,active,"elias.ns.cloudflare.com; ligia.ns.cloudflare.com",2025-07-20T04:41:07.576828Z
ionoxnard.com,active,"adi.ns.cloudflare.com; andy.ns.cloudflare.com",2025-07-20T04:52:43.582479Z
ionpacificbeach.com,active,"adi.ns.cloudflare.com; andy.ns.cloudflare.com",2025-04-12T11:41:31.916798Z
ionpacificpalisades.com,active,"adi.ns.cloudflare.com; andy.ns.cloudflare.com",2025-04-12T12:07:49.388619Z
ionpalmbay.com,active,"elias.ns.cloudflare.com; ligia.ns.cloudflare.com",2025-07-20T05:36:43.155367Z
ionpalmcoast.com,active,"elias.ns.cloudflare.com; ligia.ns.cloudflare.com",2025-07-24T15:50:53.215053Z
ionparadise.com,active,"elias.ns.cloudflare.com; ligia.ns.cloudflare.com",2025-07-20T05:37:02.808311Z
ionparadisevalley.com,active,"elias.ns.cloudflare.com; ligia.ns.cloudflare.com",2025-07-20T05:37:41.860993Z
ionparis.com,active,"adi.ns.cloudflare.com; andy.ns.cloudflare.com",2025-04-12T12:29:04.970867Z
ionparkton.com,active,"elias.ns.cloudflare.com; ligia.ns.cloudflare.com",2025-07-18T22:02:11.323709Z
ionparkville.com,active,"elias.ns.cloudflare.com; ligia.ns.cloudflare.com",2025-07-18T22:02:21.090459Z
ionpeachtreecity.com,active,"elias.ns.cloudflare.com; ligia.ns.cloudflare.com",2025-07-18T22:02:31.578716Z
ionpeachtreecorners.com,active,"elias.ns.cloudflare.com; ligia.ns.cloudflare.com",2025-07-18T22:02:41.502438Z
ionpennsylvania.com,active,"adi.ns.cloudflare.com; andy.ns.cloudflare.com",2025-07-24T15:18:45.366927Z
ionpensacola.com,active,"elias.ns.cloudflare.com; ligia.ns.cloudflare.com",2025-07-20T05:37:22.193241Z
ionperryhall.com,active,"elias.ns.cloudflare.com; ligia.ns.cloudflare.com",2025-07-18T22:02:51.010412Z
ionphiladelphia.com,active,"adi.ns.cloudflare.com; andy.ns.cloudflare.com",2025-04-12T12:08:47.104995Z
ionphillipines.com,active,"elias.ns.cloudflare.com; ligia.ns.cloudflare.com",2025-07-24T15:19:57.508915Z
ionphoenix.com,active,"adi.ns.cloudflare.com; andy.ns.cloudflare.com",2025-04-12T11:41:33.633042Z
ionpikesville.com,active,"elias.ns.cloudflare.com; ligia.ns.cloudflare.com",2025-07-18T22:03:00.564524Z
ionplano.com,active,"elias.ns.cloudflare.com; ligia.ns.cloudflare.com",2025-07-20T04:39:18.646631Z
ionplantation.com,active,"adi.ns.cloudflare.com; andy.ns.cloudflare.com",2025-04-12T12:29:40.336240Z
ionplattecity.com,active,"elias.ns.cloudflare.com; ligia.ns.cloudflare.com",2025-07-18T22:03:10.578322Z
ionpleasantridge.com,active,"elias.ns.cloudflare.com; ligia.ns.cloudflare.com",2025-07-18T22:03:20.193703Z
ionportland.com,active,"elias.ns.cloudflare.com; ligia.ns.cloudflare.com",2025-07-20T09:29:32.468464Z
ionportstlucie.com,active,"elias.ns.cloudflare.com; ligia.ns.cloudflare.com",2025-07-24T15:50:24.305340Z
ionportwentworh.com,active,"elias.ns.cloudflare.com; ligia.ns.cloudflare.com",2025-07-18T22:03:30.680595Z
ionprairievillage.com,active,"elias.ns.cloudflare.com; ligia.ns.cloudflare.com",2025-07-18T22:03:40.381660Z
ionpreston.com,active,"adi.ns.cloudflare.com; andy.ns.cloudflare.com",2025-07-20T04:51:26.676922Z
ionprospect.com,active,"adi.ns.cloudflare.com; andy.ns.cloudflare.com",2025-07-20T04:51:57.305296Z
ionprovo.com,active,"adi.ns.cloudflare.com; andy.ns.cloudflare.com",2025-07-20T04:51:41.898751Z
ionquebeccity.com,active,"elias.ns.cloudflare.com; ligia.ns.cloudflare.com",2025-07-20T04:49:15.476901Z
ionquebec.com,active,"elias.ns.cloudflare.com; ligia.ns.cloudflare.com",2025-07-24T15:20:56.899680Z
ionqueens.com,active,"adi.ns.cloudflare.com; andy.ns.cloudflare.com",2025-07-20T04:50:56.319056Z
ionquincy.com,active,"adi.ns.cloudflare.com; andy.ns.cloudflare.com",2025-07-20T04:51:11.385944Z
ionracine.com,active,"adi.ns.cloudflare.com; andy.ns.cloudflare.com",2025-07-20T04:52:12.616606Z
ionraleigh.com,active,"adi.ns.cloudflare.com; andy.ns.cloudflare.com",2025-07-20T04:52:28.229765Z
ionrandallstown.com,active,"elias.ns.cloudflare.com; ligia.ns.cloudflare.com",2025-07-18T22:03:50.490030Z
ionrandolph.com,active,"elias.ns.cloudflare.com; ligia.ns.cloudflare.com",2025-07-18T22:04:00.185601Z
ionrapidcity.com,active,"adi.ns.cloudflare.com; andy.ns.cloudflare.com",2025-04-13T00:59:19.116632Z
ionraymore.com,active,"elias.ns.cloudflare.com; ligia.ns.cloudflare.com",2025-07-18T22:10:22.153706Z
ionraytown.com,active,"elias.ns.cloudflare.com; ligia.ns.cloudflare.com",2025-07-18T22:10:32.261264Z
ionreading.com,active,"elias.ns.cloudflare.com; ligia.ns.cloudflare.com",2025-07-20T04:48:13.796529Z
ionredondobeach.com,active,"adi.ns.cloudflare.com; andy.ns.cloudflare.com",2025-04-12T11:40:07.264510Z
ionregina.com,active,"elias.ns.cloudflare.com; ligia.ns.cloudflare.com",2025-07-20T04:48:29.545493Z
ionreisterstown.com,active,"elias.ns.cloudflare.com; ligia.ns.cloudflare.com",2025-07-18T22:10:42.541438Z
ionreno.com,active,"elias.ns.cloudflare.com; ligia.ns.cloudflare.com",2025-07-18T22:10:52.525010Z
ionrhinelander.com,active,"elias.ns.cloudflare.com; ligia.ns.cloudflare.com",2025-07-20T04:48:44.565951Z
ionrhodeisland.com,active,"elias.ns.cloudflare.com; ligia.ns.cloudflare.com",2025-07-24T15:49:21.739916Z
ionrichmond.com,active,"elias.ns.cloudflare.com; ligia.ns.cloudflare.com",2025-07-20T04:49:00.290909Z
ionriverside.com,active,"elias.ns.cloudflare.com; ligia.ns.cloudflare.com",2025-07-18T22:11:02.820954Z
ionroanoke.com,active,"elias.ns.cloudflare.com; ligia.ns.cloudflare.com",2025-07-24T18:25:08.546168Z
ionrobinsafb.com,active,"adi.ns.cloudflare.com; andy.ns.cloudflare.com",2025-07-20T13:22:16.176431Z
ionrochester.com,active,"elias.ns.cloudflare.com; ligia.ns.cloudflare.com",2025-07-20T04:47:26.426873Z
ionrockford.com,active,"elias.ns.cloudflare.com; ligia.ns.cloudflare.com",2025-07-20T04:47:42.089499Z
ionrockhill.com,active,"adi.ns.cloudflare.com; andy.ns.cloudflare.com",2025-04-13T00:59:23.771923Z
ionrocksprings.com,active,"adi.ns.cloudflare.com; andy.ns.cloudflare.com",2025-04-13T00:59:28.103793Z
ionroelandpark.com,active,"elias.ns.cloudflare.com; ligia.ns.cloudflare.com",2025-07-18T22:11:13.618136Z
ionrosedale.com,active,"elias.ns.cloudflare.com; ligia.ns.cloudflare.com",2025-07-18T22:11:23.711706Z
ionroswell.com,active,"adi.ns.cloudflare.com; andy.ns.cloudflare.com",2025-07-20T04:47:58.107460Z
ionruhenstroth.com,active,"elias.ns.cloudflare.com; ligia.ns.cloudflare.com",2025-07-18T22:11:34.422226Z
ionsacramento.com,active,"adi.ns.cloudflare.com; andy.ns.cloudflare.com",2025-04-12T12:08:21.340006Z
ionsalinas.com,active,"elias.ns.cloudflare.com; ligia.ns.cloudflare.com",2025-07-24T18:25:22.692400Z
ionsaltlakecity.com,active,"adi.ns.cloudflare.com; andy.ns.cloudflare.com",2025-04-13T00:59:32.508531Z
ionsanbernardino.com,active,"elias.ns.cloudflare.com; ligia.ns.cloudflare.com",2025-07-24T18:24:39.245441Z
ionsandiego.com,active,"adi.ns.cloudflare.com; andy.ns.cloudflare.com",2025-04-12T10:26:03.202347Z
ionsandy.com,active,"elias.ns.cloudflare.com; ligia.ns.cloudflare.com",2025-07-18T22:11:44.191095Z
ionsandysprings.com,active,"elias.ns.cloudflare.com; ligia.ns.cloudflare.com",2025-07-18T22:11:54.953138Z
ionsanfrancisco.com,active,"elias.ns.cloudflare.com; ligia.ns.cloudflare.com",2025-05-29T18:50:12.428557Z
ionsanjose.com,active,"adi.ns.cloudflare.com; andy.ns.cloudflare.com",2025-04-12T10:26:04.143614Z
ionsanjuan.com,active,"elias.ns.cloudflare.com; ligia.ns.cloudflare.com",2025-07-24T15:51:36.831836Z
ionsanluisobispo.com,active,"adi.ns.cloudflare.com; andy.ns.cloudflare.com",2025-04-13T00:59:36.619023Z
ionsanpedro.com,active,"adi.ns.cloudflare.com; andy.ns.cloudflare.com",2025-04-12T10:26:05.441677Z
ionsanrafael.com,active,"adi.ns.cloudflare.com; andy.ns.cloudflare.com",2025-04-13T00:59:54.448775Z
ionsantaana.com,pending,"adi.ns.cloudflare.com; andy.ns.cloudflare.com",2025-07-24T16:00:33.650356Z
ionsantabarbara.com,active,"elias.ns.cloudflare.com; ligia.ns.cloudflare.com",2025-05-29T18:51:20.044960Z
ionsantarosa.com,active,"elias.ns.cloudflare.com; ligia.ns.cloudflare.com",2025-07-24T15:51:22.227020Z
ionsaskatchewan.com,active,"elias.ns.cloudflare.com; ligia.ns.cloudflare.com",2025-07-24T15:49:07.068500Z
ionsaudiarabia.com,active,"elias.ns.cloudflare.com; ligia.ns.cloudflare.com",2025-07-24T15:20:42.229918Z
ionsavannah.com,active,"elias.ns.cloudflare.com; ligia.ns.cloudflare.com",2025-07-18T22:12:05.119895Z
ions.com,active,"adi.ns.cloudflare.com; andy.ns.cloudflare.com",2025-06-04T10:00:31.974412Z
ionscottsdale.com,active,"adi.ns.cloudflare.com; andy.ns.cloudflare.com",2025-04-12T12:28:19.126185Z
ionseattle.com,active,"adi.ns.cloudflare.com; andy.ns.cloudflare.com",2025-04-12T11:56:37.698040Z
ionsedamsville.com,active,"elias.ns.cloudflare.com; ligia.ns.cloudflare.com",2025-07-18T22:25:55.095333Z
ionserbia.com,active,"elias.ns.cloudflare.com; ligia.ns.cloudflare.com",2025-07-24T15:21:25.093457Z
ionsharonville.com,active,"elias.ns.cloudflare.com; ligia.ns.cloudflare.com",2025-07-18T22:26:04.839799Z
ionshawnee.com,active,"elias.ns.cloudflare.com; ligia.ns.cloudflare.com",2025-07-18T22:26:14.795668Z
ionsilversprings.com,active,"elias.ns.cloudflare.com; ligia.ns.cloudflare.com",2025-07-18T22:26:24.318358Z
ionsiouxcity.com,active,"adi.ns.cloudflare.com; andy.ns.cloudflare.com",2025-04-13T01:00:07.052785Z
ionsmithville.com,active,"elias.ns.cloudflare.com; ligia.ns.cloudflare.com",2025-07-18T22:26:34.401805Z
ionsmyrna.com,active,"elias.ns.cloudflare.com; ligia.ns.cloudflare.com",2025-07-18T22:26:44.958622Z
ionsolanabeach.com,active,"adi.ns.cloudflare.com; andy.ns.cloudflare.com",2025-04-13T00:59:59.586598Z
ionsouthafrica.com,active,"elias.ns.cloudflare.com; ligia.ns.cloudflare.com",2025-07-24T15:20:12.592894Z
ionsouthbend.com,active,"adi.ns.cloudflare.com; andy.ns.cloudflare.com",2025-04-13T01:00:12.098763Z
ionsouthburlington.com,active,"adi.ns.cloudflare.com; andy.ns.cloudflare.com",2025-04-13T01:00:16.788346Z
ionsouthcarolina.com,active,"elias.ns.cloudflare.com; ligia.ns.cloudflare.com",2025-07-24T15:21:39.170961Z
ionsouthdakota.com,active,"elias.ns.cloudflare.com; ligia.ns.cloudflare.com",2025-07-24T15:49:54.625188Z
ionsouthfulton.com,active,"adi.ns.cloudflare.com; andy.ns.cloudflare.com",2025-04-13T01:00:21.034109Z
ionsouthjordan.com,pending,"adi.ns.cloudflare.com; andy.ns.cloudflare.com",2025-07-18T22:26:55.380223Z
ionsouthportland.com,active,"adi.ns.cloudflare.com; andy.ns.cloudflare.com",2025-04-13T01:00:25.624717Z
ionsouthwindsor.com,active,"adi.ns.cloudflare.com; andy.ns.cloudflare.com",2025-04-13T01:00:29.844700Z
ionspain.com,active,"elias.ns.cloudflare.com; ligia.ns.cloudflare.com",2025-07-24T15:20:26.886665Z
ionspanishsprings.com,active,"adi.ns.cloudflare.com; andy.ns.cloudflare.com",2025-07-18T22:27:05.295025Z
ionsparks.com,active,"adi.ns.cloudflare.com; andy.ns.cloudflare.com",2025-07-18T22:27:15.758666Z
ionsparksglencoe.com,active,"adi.ns.cloudflare.com; andy.ns.cloudflare.com",2025-07-18T22:27:25.627036Z
ionsparrowspoint.com,active,"adi.ns.cloudflare.com; andy.ns.cloudflare.com",2025-07-18T22:27:37.114998Z
ionspartanburg.com,active,"elias.ns.cloudflare.com; ligia.ns.cloudflare.com",2025-07-24T18:25:50.600566Z
ionspringfield.com,active,"elias.ns.cloudflare.com; ligia.ns.cloudflare.com",2025-07-18T22:27:47.069813Z
ionspringhill.com,active,"elias.ns.cloudflare.com; ligia.ns.cloudflare.com",2025-07-18T22:30:25.987761Z
ionspringvalley.com,active,"adi.ns.cloudflare.com; andy.ns.cloudflare.com",2025-04-13T01:00:34.100183Z
ionstagecoach.com,active,"elias.ns.cloudflare.com; ligia.ns.cloudflare.com",2025-07-18T22:30:36.279514Z
ionstatesboro.com,active,"elias.ns.cloudflare.com; ligia.ns.cloudflare.com",2025-07-18T22:30:46.099155Z
ionstevenson.com,active,"elias.ns.cloudflare.com; ligia.ns.cloudflare.com",2025-07-18T22:30:56.386215Z
ionstmarys.com,active,"elias.ns.cloudflare.com; ligia.ns.cloudflare.com",2025-07-18T22:31:06.051511Z
ionstockbridge.com,active,"elias.ns.cloudflare.com; ligia.ns.cloudflare.com",2025-07-18T22:31:16.191941Z
ionstockton.com,pending,"adi.ns.cloudflare.com; andy.ns.cloudflare.com",2025-07-24T16:01:19.388550Z
ionstpaul.com,active,"elias.ns.cloudflare.com; ligia.ns.cloudflare.com",2025-07-24T15:52:22.808424Z
ionstpetersberg.com,active,"adi.ns.cloudflare.com; andy.ns.cloudflare.com",2025-04-13T00:59:50.130590Z
ionsugarcreek.com,active,"elias.ns.cloudflare.com; ligia.ns.cloudflare.com",2025-07-18T22:31:26.310052Z
ionsunrisemanor.com,active,"adi.ns.cloudflare.com; andy.ns.cloudflare.com",2025-04-13T01:00:38.522702Z
ionsunvalley.com,pending,"elias.ns.cloudflare.com; ligia.ns.cloudflare.com",2025-07-18T22:31:36.532370Z
ionsuwanee.com,active,"elias.ns.cloudflare.com; ligia.ns.cloudflare.com",2025-07-18T22:31:46.704464Z
ionswitzerland.com,active,"elias.ns.cloudflare.com; ligia.ns.cloudflare.com",2025-07-24T15:21:11.124652Z
ionsyracuse.com,pending,"adi.ns.cloudflare.com; andy.ns.cloudflare.com",2025-07-24T16:01:04.402942Z
iontacoma.com,active,"elias.ns.cloudflare.com; ligia.ns.cloudflare.com",2025-07-24T15:50:08.887018Z
iontampa.com,active,"adi.ns.cloudflare.com; andy.ns.cloudflare.com",2025-04-12T12:09:26.196650Z
iontaylorsville.com,pending,"adi.ns.cloudflare.com; andy.ns.cloudflare.com",2025-07-18T22:31:57.633318Z
iontempe.com,active,"adi.ns.cloudflare.com; andy.ns.cloudflare.com",2025-04-12T12:07:52.808954Z
iontexas.com,active,"adi.ns.cloudflare.com; andy.ns.cloudflare.com",2025-04-12T11:41:42.691183Z
iontoledo.com,pending,"adi.ns.cloudflare.com; andy.ns.cloudflare.com",2025-07-24T16:00:49.222791Z
iontonganoxie.com,active,"adi.ns.cloudflare.com; andy.ns.cloudflare.com",2025-07-18T22:32:08.369929Z
iontowson.com,active,"adi.ns.cloudflare.com; andy.ns.cloudflare.com",2025-07-18T22:32:18.209346Z
iontrenton.com,pending,"adi.ns.cloudflare.com; andy.ns.cloudflare.com",2025-07-24T15:59:46.958348Z
iontruckee.com,active,"adi.ns.cloudflare.com; andy.ns.cloudflare.com",2025-07-18T23:16:16.791415Z
iontucson.com,active,"adi.ns.cloudflare.com; andy.ns.cloudflare.com",2025-04-12T12:29:43.666979Z
iontyrone.com,active,"adi.ns.cloudflare.com; andy.ns.cloudflare.com",2025-07-18T23:16:26.702430Z
ionupperco.com,active,"adi.ns.cloudflare.com; andy.ns.cloudflare.com",2025-07-18T23:16:37.009943Z
ionupperfalls.com,active,"adi.ns.cloudflare.com; andy.ns.cloudflare.com",2025-07-18T23:16:46.755316Z
ionutah.org,active,"adi.ns.cloudflare.com; andy.ns.cloudflare.com",2025-04-12T12:28:25.641811Z
ionvancouver.com,active,"adi.ns.cloudflare.com; andy.ns.cloudflare.com",2025-04-12T12:09:11.318132Z
ionvaughan.com,active,"elias.ns.cloudflare.com; ligia.ns.cloudflare.com",2025-07-24T15:52:07.871027Z
ionvermont.com,active,"adi.ns.cloudflare.com; andy.ns.cloudflare.com",2025-04-12T12:08:25.308974Z
ionvideo.org,active,"elias.ns.cloudflare.com; ligia.ns.cloudflare.com",2025-04-22T00:27:35.353555Z
ionvirginia.com,pending,"elias.ns.cloudflare.com; ligia.ns.cloudflare.com",2025-07-24T15:19:14.376454Z
ionwaleska.com,active,"adi.ns.cloudflare.com; andy.ns.cloudflare.com",2025-07-18T23:16:56.733916Z
ionwalthourville.com,active,"adi.ns.cloudflare.com; andy.ns.cloudflare.com",2025-07-18T23:17:06.729852Z
ionwashington.com,active,"adi.ns.cloudflare.com; andy.ns.cloudflare.com",2025-04-12T11:57:02.960574Z
ionwaterbury.com,active,"elias.ns.cloudflare.com; ligia.ns.cloudflare.com",2025-07-24T18:25:36.460377Z
ionwestchester.com,active,"elias.ns.cloudflare.com; ligia.ns.cloudflare.com",2025-07-18T23:17:16.675836Z
ionwesthills.com,active,"adi.ns.cloudflare.com; andy.ns.cloudflare.com",2025-04-12T11:56:59.003630Z
ionwestjordan.com,active,"elias.ns.cloudflare.com; ligia.ns.cloudflare.com",2025-07-18T23:17:26.824008Z
ionwestlakevillage.com,active,"adi.ns.cloudflare.com; andy.ns.cloudflare.com",2025-04-12T11:56:48.014152Z
ionwestpalmbeach.com,active,"adi.ns.cloudflare.com; andy.ns.cloudflare.com",2025-04-12T11:41:38.286955Z
ionwestvalleycity.com,active,"elias.ns.cloudflare.com; ligia.ns.cloudflare.com",2025-07-18T23:17:37.120489Z
ionwestvirginia.com,active,"elias.ns.cloudflare.com; ligia.ns.cloudflare.com",2025-07-24T15:48:49.789422Z
ionwestwood.com,active,"elias.ns.cloudflare.com; ligia.ns.cloudflare.com",2025-07-18T23:17:47.191807Z
ionwestwoodhills.com,active,"elias.ns.cloudflare.com; ligia.ns.cloudflare.com",2025-07-18T23:17:57.140752Z
ionwhitehall.com,active,"elias.ns.cloudflare.com; ligia.ns.cloudflare.com",2025-07-18T23:18:06.946259Z
ionwhitemarsh.com,active,"elias.ns.cloudflare.com; ligia.ns.cloudflare.com",2025-07-18T23:35:37.534474Z
ionwilmington.com,active,"adi.ns.cloudflare.com; andy.ns.cloudflare.com",2025-04-12T12:07:59.812751Z
ionwindsormill.com,active,"elias.ns.cloudflare.com; ligia.ns.cloudflare.com",2025-07-18T23:35:47.543123Z
ionwinstonsalem.com,active,"elias.ns.cloudflare.com; ligia.ns.cloudflare.com",2025-07-24T18:23:56.979732Z
ionwisconsin.com,active,"adi.ns.cloudflare.com; andy.ns.cloudflare.com",2025-04-12T11:57:27.111686Z
ionwoodlawn.com,active,"elias.ns.cloudflare.com; ligia.ns.cloudflare.com",2025-07-18T23:35:57.600381Z
ionyonkers.com,active,"elias.ns.cloudflare.com; ligia.ns.cloudflare.com",2025-07-24T18:23:38.336277Z
ionyoungstown.com,active,"elias.ns.cloudflare.com; ligia.ns.cloudflare.com",2025-07-24T15:51:07.642333Z